id,title,outcome,featureArea,wave,targetRelease,dependsOn,acceptance,sourceRefs,decisionRefs,riskEvidenceNeeds,status,evidenceRefs,platformId
RC-F01,Define the research-system architecture contract,"Distinguish the inspected autoresearch baseline from proposed Research Continuum extensions; define the question–hypothesis–evidence graph, study and publication contracts, protected evaluation, domain-adapter seams, durable campaign/recovery model, isolation boundaries, allocation rules, local-first scale gates, cross-lab portability and explicit nonclaims with primary-source grounding.",historical foundation,0,foundation,[],"Distinguish the inspected autoresearch baseline from proposed Research Continuum extensions; define the question–hypothesis–evidence graph, study and publication contracts, protected evaluation, domain-adapter seams, durable campaign/recovery model, isolation boundaries, allocation rules, local-first scale gates, cross-lab portability and explicit nonclaims with primary-source grounding.","[""RC-F01""]","[""OWNER-LAUNCH-2026-09-07""]",Historical documentation/tooling acceptance only; not runtime or scientific completion.,DONE,"[""plan/lineage/architecture-foundation-2026-09-07/STATUS.md""]",tsk_b6365a2b85d8e55303e4f96d5a5803ce
RC-F02,Convert the vision into an outcome and dependency roadmap,"Prepend Wave 0, preserve all original Waves 1–8 and their 24 task IDs, acceptance text, dependency logic and gates, identify capacity and human/hardware/licensing decisions, and define stop, pivot, scale and replan conditions without speculative dates.",historical foundation,0,foundation,"[""RC-F01""]","Prepend Wave 0, preserve all original Waves 1–8 and their 24 task IDs, acceptance text, dependency logic and gates, identify capacity and human/hardware/licensing decisions, and define stop, pivot, scale and replan conditions without speculative dates.","[""RC-F02""]","[""OWNER-LAUNCH-2026-09-07""]",Historical documentation/tooling acceptance only; not runtime or scientific completion.,DONE,"[""plan/lineage/architecture-foundation-2026-09-07/STATUS.md""]",tsk_8f1b2a7a99567236bb722181d372424f
RC-F03,Make the next work packet executable and validate the repository plan,"Provide a standard-library validation command that checks task identity, status, documentation parity, dependency existence/order, DAG acyclicity, wave coverage and navigation links; prove its negative self-test detects an invalid plan; specify one RC-001 packet that can run locally without paid compute, model weights or dataset downloads.",historical foundation,0,foundation,"[""RC-F02""]","Provide a standard-library validation command that checks task identity, status, documentation parity, dependency existence/order, DAG acyclicity, wave coverage and navigation links; prove its negative self-test detects an invalid plan; specify one RC-001 packet that can run locally without paid compute, model weights or dataset downloads.","[""RC-F03""]","[""OWNER-LAUNCH-2026-09-07""]",Historical documentation/tooling acceptance only; not runtime or scientific completion.,DONE,"[""plan/lineage/architecture-foundation-2026-09-07/STATUS.md""]",tsk_6721de0c0efb411bb9e161a3f618af54
RC-W01-T01,Record the independently authored numerical baseline,Researchers can record the independently authored numerical baseline.,study contract,1,0.1,"[""RC-F03""]",Source records distinguish the exact autoresearch inspiration and unresolved reuse rights from original numerical code; no unrelated comparison is claimed.,"[""RC-001"", ""RC-002"", ""RC-015""]","[""OWNER-LAUNCH-2026-09-07"", ""NUMERICAL-001""]",Study changes after results or deterministic repeats presented as independent evidence; retain dated protocol and independent analytic checks.,IMPLEMENTED,"[""docs/baselines/autoresearch-2026-09-07.md"", ""evidence/source-retrievals.json""]",tsk_ff17008788c2a266ef834ea928c17b00
RC-W01-T02,Freeze the question and its falsifier,Researchers can freeze the question and its falsifier.,study contract,1,0.1,"[""RC-W01-T01""]","The accepted example names question, hypothesis and adverse/null conditions before results; a post-result edit requires a new revision.","[""RC-001"", ""RC-002"", ""RC-015""]","[""OWNER-LAUNCH-2026-09-07"", ""NUMERICAL-001""]",Study changes after results or deterministic repeats presented as independent evidence; retain dated protocol and independent analytic checks.,IMPLEMENTED,"[""docs/decisions/001-numerical-study.md"", ""docs/decisions/002-durable-local-campaign.md"", ""examples/rosenbrock-study.json""]",tsk_cdf6e5cabee8740c5b4bf3cbc31e3e90
RC-W01-T03,Bound the objective and lawful fixture,Researchers can bound the objective and lawful fixture.,study contract,1,0.1,"[""RC-W01-T01""]",The declared rectangle contains the analytic zero and nonzero control; unknown objectives and domains outside the supported envelope are rejected.,"[""RC-001"", ""RC-002"", ""RC-015""]","[""OWNER-LAUNCH-2026-09-07"", ""NUMERICAL-001""]",Study changes after results or deterministic repeats presented as independent evidence; retain dated protocol and independent analytic checks.,AUTOMATED PASS,"[""docs/decisions/001-numerical-study.md"", ""docs/decisions/002-durable-local-campaign.md"", ""examples/rosenbrock-study.json"", ""tests/test_numerical.py"", ""evidence/runtime/automated-checks.json""]",tsk_c2b226dd82073c555dac68c9ab795444
RC-W01-T04,Specify both search policies completely,Researchers can specify both search policies completely.,study contract,1,0.1,"[""RC-W01-T01""]","Start, coordinate order, clipping, improvement rule, step changes and random generator are fixed; two readers can derive the same first proposals.","[""RC-001"", ""RC-002"", ""RC-015""]","[""OWNER-LAUNCH-2026-09-07"", ""NUMERICAL-001""]",Study changes after results or deterministic repeats presented as independent evidence; retain dated protocol and independent analytic checks.,AUTOMATED PASS,"[""docs/decisions/001-numerical-study.md"", ""docs/decisions/002-durable-local-campaign.md"", ""examples/rosenbrock-study.json"", ""tests/test_numerical.py"", ""evidence/runtime/automated-checks.json""]",tsk_1e092820eeaff33ad774c3e3708cadd5
RC-W01-T05,Declare seed partitions and feedback,Researchers can declare seed partitions and feedback.,study contract,1,0.1,"[""RC-W01-T01""]",Development and confirmation seeds are disjoint and fixed; each policy sees only its own scalar feedback and starts fresh per run.,"[""RC-001"", ""RC-002"", ""RC-015""]","[""OWNER-LAUNCH-2026-09-07"", ""NUMERICAL-001""]",Study changes after results or deterministic repeats presented as independent evidence; retain dated protocol and independent analytic checks.,AUTOMATED PASS,"[""docs/decisions/001-numerical-study.md"", ""docs/decisions/002-durable-local-campaign.md"", ""examples/rosenbrock-study.json"", ""tests/test_numerical.py"", ""evidence/runtime/automated-checks.json""]",tsk_e6467dccdcb8eb78de78bd651398a487
RC-W01-T06,Freeze comparison and quality criteria,Researchers can freeze comparison and quality criteria.,study contract,1,0.1,"[""RC-W01-T01""]",The descriptive median rule and quality threshold are fixed; equal or worse candidate results falsify the hypothesis and missing runs are inconclusive.,"[""RC-001"", ""RC-002"", ""RC-015""]","[""OWNER-LAUNCH-2026-09-07"", ""NUMERICAL-001""]",Study changes after results or deterministic repeats presented as independent evidence; retain dated protocol and independent analytic checks.,AUTOMATED PASS,"[""docs/decisions/001-numerical-study.md"", ""docs/decisions/002-durable-local-campaign.md"", ""examples/rosenbrock-study.json"", ""tests/test_numerical.py"", ""evidence/runtime/automated-checks.json""]",tsk_41db721d5e9e90b25537b9f9202f7624
RC-W01-T07,State dependence and scientific limits,Researchers can state dependence and scientific limits.,study contract,1,0.1,"[""RC-W01-T01""]","Documentation identifies deterministic candidate repetitions as implementation checks, and excludes significance, novelty and generality claims.","[""RC-001"", ""RC-002"", ""RC-015""]","[""OWNER-LAUNCH-2026-09-07"", ""NUMERICAL-001""]",Study changes after results or deterministic repeats presented as independent evidence; retain dated protocol and independent analytic checks.,IMPLEMENTED,"[""docs/decisions/001-numerical-study.md"", ""docs/decisions/002-durable-local-campaign.md"", ""examples/rosenbrock-study.json""]",tsk_0503fb01a2dfde197c56113155073f31
RC-W01-T08,Approve the supported resource envelope,Researchers can approve the supported resource envelope.,study contract,1,0.1,"[""RC-W01-T01""]","Linux/Python identity, one-worker ceiling, aggregate study bound, no new dependencies and zero paid compute are recorded against observed capacity.","[""RC-001"", ""RC-002"", ""RC-015""]","[""OWNER-LAUNCH-2026-09-07"", ""NUMERICAL-001""]",Study changes after results or deterministic repeats presented as independent evidence; retain dated protocol and independent analytic checks.,IMPLEMENTED,"[""docs/decisions/001-numerical-study.md"", ""docs/decisions/002-durable-local-campaign.md"", ""examples/rosenbrock-study.json""]",tsk_6c2923b7e0c50c261b4d7dbc33fcd45f
RC-W01-T09,Define supported study customization,Researchers can define supported study customization.,study contract,1,0.1,"[""RC-W01-T01""]","Allowed bounded fields and fixed protocol fields are enumerated; unsupported expressions, policy names and oversized studies fail before execution.","[""RC-001"", ""RC-002"", ""RC-015""]","[""OWNER-LAUNCH-2026-09-07"", ""NUMERICAL-001""]",Study changes after results or deterministic repeats presented as independent evidence; retain dated protocol and independent analytic checks.,AUTOMATED PASS,"[""docs/decisions/001-numerical-study.md"", ""docs/decisions/002-durable-local-campaign.md"", ""examples/rosenbrock-study.json"", ""tests/test_numerical.py"", ""evidence/runtime/automated-checks.json""]",tsk_d1490f0a6213cae946523090033d9791
RC-W01-T10,Accept the executable study contract,Researchers can accept the executable study contract.,study contract,1,0.1,"[""RC-F03"", ""RC-W01-T01"", ""RC-W01-T02"", ""RC-W01-T03"", ""RC-W01-T04"", ""RC-W01-T05"", ""RC-W01-T06"", ""RC-W01-T07"", ""RC-W01-T08"", ""RC-W01-T09""]","The frozen example and decision agree on all policies, seeds, controls, limits and interpretation; numerical and coordinator owners review their interface before implementation.","[""RC-001"", ""RC-002"", ""RC-015""]","[""OWNER-LAUNCH-2026-09-07"", ""NUMERICAL-001""]",Study changes after results or deterministic repeats presented as independent evidence; retain dated protocol and independent analytic checks.,IMPLEMENTED,"[""docs/decisions/001-numerical-study.md"", ""docs/decisions/002-durable-local-campaign.md"", ""examples/rosenbrock-study.json""]",tsk_6055822fc13555c727864c2799fda001
RC-W02-T01,Validate immutable study records,Researchers can validate immutable study records.,coordinator and store,2,0.1,"[""RC-W01-T10""]","Strict parsing rejects unknown fields, booleans as numbers and invalid bounds; returned representations cannot mutate an accepted study.","[""RC-002"", ""RC-003"", ""RC-006""]","[""OWNER-LAUNCH-2026-09-07"", ""NUMERICAL-001""]","Lost debits, mutable accepted state or implied hostile-code isolation; fault probes and transaction-level assertions are required.",AUTOMATED PASS,"[""continuum/store.py"", ""tests/test_store.py"", ""evidence/runtime/automated-checks.json""]",tsk_63aebc644bb77ecda49bbe28c8120917
RC-W02-T02,Create durable campaign identity,Researchers can create durable campaign identity.,coordinator and store,2,0.1,"[""RC-W02-T01""]",Reopening a campaign preserves study identity and source version; attempts to attach a different study fail without replacing prior records.,"[""RC-002"", ""RC-003"", ""RC-006""]","[""OWNER-LAUNCH-2026-09-07"", ""NUMERICAL-001""]","Lost debits, mutable accepted state or implied hostile-code isolation; fault probes and transaction-level assertions are required.",RUNTIME VERIFIED,"[""continuum/store.py"", ""tests/test_store.py"", ""evidence/runtime/automated-checks.json"", ""evidence/runtime/default-study/evidence.json"", ""evidence/runtime/packaged-summary.json""]",tsk_cecac7460303c27b763a9d39c72f7ff9
RC-W02-T03,Link the compact research records,Researchers can link the compact research records.,coordinator and store,2,0.1,"[""RC-W02-T01"", ""RC-W02-T02""]","Question, hypothesis, study, trial, result and evaluation IDs resolve within one versioned campaign; a dangling reference is rejected.","[""RC-002"", ""RC-003"", ""RC-006""]","[""OWNER-LAUNCH-2026-09-07"", ""NUMERICAL-001""]","Lost debits, mutable accepted state or implied hostile-code isolation; fault probes and transaction-level assertions are required.",RUNTIME VERIFIED,"[""continuum/store.py"", ""tests/test_store.py"", ""evidence/runtime/automated-checks.json"", ""evidence/runtime/default-study/evidence.json"", ""evidence/runtime/packaged-summary.json""]",tsk_efd2e2cdbbb5caaf9a55e404fda21859
RC-W02-T04,Reserve capacity before any exploration,Researchers can reserve capacity before any exploration.,coordinator and store,2,0.1,"[""RC-W02-T01"", ""RC-W02-T02"", ""RC-W02-T03""]","Baseline, candidate, confirmation and reproduction allocations exist before the first admitted attempt; inadequate total capacity rejects campaign creation.","[""RC-002"", ""RC-003"", ""RC-006""]","[""OWNER-LAUNCH-2026-09-07"", ""NUMERICAL-001""]","Lost debits, mutable accepted state or implied hostile-code isolation; fault probes and transaction-level assertions are required.",RUNTIME VERIFIED,"[""continuum/store.py"", ""tests/test_store.py"", ""evidence/runtime/automated-checks.json"", ""evidence/runtime/default-study/evidence.json"", ""evidence/runtime/packaged-summary.json""]",tsk_776ebf8acea5989966072804aea3dc71
RC-W02-T05,Make admission and debit transactional,Researchers can make admission and debit transactional.,coordinator and store,2,0.1,"[""RC-W02-T01"", ""RC-W02-T02"", ""RC-W02-T04""]",Concurrent or repeated admission cannot overspend or allocate duplicate attempt IDs; an interrupted transaction leaves both reservation and attempt consistent.,"[""RC-002"", ""RC-003"", ""RC-006""]","[""OWNER-LAUNCH-2026-09-07"", ""NUMERICAL-001""]","Lost debits, mutable accepted state or implied hostile-code isolation; fault probes and transaction-level assertions are required.",AUTOMATED PASS,"[""continuum/store.py"", ""tests/test_store.py"", ""evidence/runtime/automated-checks.json""]",tsk_5b15fda0bceb2e105bca5f616bd61aca
RC-W02-T06,Charge failed attempts conservatively,Researchers can charge failed attempts conservatively.,coordinator and store,2,0.1,"[""RC-W02-T01"", ""RC-W02-T05""]",Full admission cost remains after crash while actual observations are reported separately; retrying never erases the first debit.,"[""RC-002"", ""RC-003"", ""RC-006""]","[""OWNER-LAUNCH-2026-09-07"", ""NUMERICAL-001""]","Lost debits, mutable accepted state or implied hostile-code isolation; fault probes and transaction-level assertions are required.",RUNTIME VERIFIED,"[""continuum/store.py"", ""tests/test_store.py"", ""evidence/runtime/automated-checks.json"", ""evidence/runtime/default-study/evidence.json"", ""evidence/runtime/packaged-summary.json""]",tsk_9788099b5042e34cb390a0f5e33d94b3
RC-W02-T07,Keep retry authority finite,Researchers can keep retry authority finite.,coordinator and store,2,0.1,"[""RC-W02-T01"", ""RC-W02-T05"", ""RC-W02-T06""]",Retry identity names the prior attempt and respects the frozen attempt cap; another retry after exhaustion is rejected and logged.,"[""RC-002"", ""RC-003"", ""RC-006""]","[""OWNER-LAUNCH-2026-09-07"", ""NUMERICAL-001""]","Lost debits, mutable accepted state or implied hostile-code isolation; fault probes and transaction-level assertions are required.",AUTOMATED PASS,"[""continuum/store.py"", ""tests/test_store.py"", ""evidence/runtime/automated-checks.json""]",tsk_62f61a18f075fa3abe5cbecf73d9e433
RC-W02-T08,Protect accepted state through the supported interface,Researchers can protect accepted state through the supported interface.,coordinator and store,2,0.1,"[""RC-W02-T01"", ""RC-W02-T04"", ""RC-W02-T05""]","Built-in policies receive points and own feedback only; a policy cannot request evaluator edits, ledger writes or reserve transfers through that interface.","[""RC-002"", ""RC-003"", ""RC-006""]","[""OWNER-LAUNCH-2026-09-07"", ""NUMERICAL-001""]","Lost debits, mutable accepted state or implied hostile-code isolation; fault probes and transaction-level assertions are required.",AUTOMATED PASS,"[""continuum/store.py"", ""tests/test_store.py"", ""evidence/runtime/automated-checks.json""]",tsk_bd66f6c6524f103480bf312f752cdf6c
RC-W02-T09,Make events append-only at the store API,Researchers can make events append-only at the store API.,coordinator and store,2,0.1,"[""RC-W02-T01"", ""RC-W02-T02"", ""RC-W02-T05""]",Attempts to replace terminal records or accepted study payloads are rejected; audit queries retain earlier failed and cancelled events.,"[""RC-002"", ""RC-003"", ""RC-006""]","[""OWNER-LAUNCH-2026-09-07"", ""NUMERICAL-001""]","Lost debits, mutable accepted state or implied hostile-code isolation; fault probes and transaction-level assertions are required.",AUTOMATED PASS,"[""continuum/store.py"", ""tests/test_store.py"", ""evidence/runtime/automated-checks.json""]",tsk_906d41fc39fb9fa4522040cba6d7e77e
RC-W02-T10,Close the campaign with reconciled authority,Researchers can close the campaign with reconciled authority.,coordinator and store,2,0.1,"[""RC-W01-T10"", ""RC-W02-T01"", ""RC-W02-T02"", ""RC-W02-T03"", ""RC-W02-T04"", ""RC-W02-T05"", ""RC-W02-T06"", ""RC-W02-T07"", ""RC-W02-T08"", ""RC-W02-T09""]",Budget totals reconcile with all admitted attempts and remaining reserves; terminal campaign states prevent further unauthorized admission.,"[""RC-002"", ""RC-003"", ""RC-006""]","[""OWNER-LAUNCH-2026-09-07"", ""NUMERICAL-001""]","Lost debits, mutable accepted state or implied hostile-code isolation; fault probes and transaction-level assertions are required.",RUNTIME VERIFIED,"[""continuum/store.py"", ""tests/test_store.py"", ""evidence/runtime/automated-checks.json"", ""evidence/runtime/default-study/evidence.json"", ""evidence/runtime/packaged-summary.json""]",tsk_5d23405b4fdb8e17f2a72b4d16c6153a
RC-W03-T01,Evaluate the original known-answer objective,Researchers can evaluate the original known-answer objective.,numerical execution,3,0.1,"[""RC-W02-T10""]","Actual computation yields zero at (1,1) and one at (0,0); non-finite and out-of-domain proposals are rejected before scoring.","[""RC-003"", ""RC-015"", ""RC-017""]","[""OWNER-LAUNCH-2026-09-07"", ""NUMERICAL-001""]","Wrong evaluation accounting, incomplete observations or tuned outcomes; replay point sequences and inspect all raw arm results.",RUNTIME VERIFIED,"[""tests/test_numerical.py"", ""tests/test_store.py"", ""evidence/runtime/automated-checks.json"", ""evidence/runtime/default-study/evidence.json"", ""evidence/runtime/default-study/summary.json""]",tsk_5295a5ee39bcee0c68719b02a9c7954b
RC-W03-T02,Execute seeded uniform random search,Researchers can execute seeded uniform random search.,numerical execution,3,0.1,"[""RC-W03-T01""]",Retained point and value sequences match independent seeded reconstruction and consume exactly the admitted observation allowance.,"[""RC-003"", ""RC-015"", ""RC-017""]","[""OWNER-LAUNCH-2026-09-07"", ""NUMERICAL-001""]","Wrong evaluation accounting, incomplete observations or tuned outcomes; replay point sequences and inspect all raw arm results.",RUNTIME VERIFIED,"[""tests/test_numerical.py"", ""tests/test_store.py"", ""evidence/runtime/automated-checks.json"", ""evidence/runtime/default-study/evidence.json"", ""evidence/runtime/default-study/summary.json""]",tsk_c882540ddd58f2a8c2bd03bd792db2f2
RC-W03-T03,Execute fixed coordinate refinement,Researchers can execute fixed coordinate refinement.,numerical execution,3,0.1,"[""RC-W03-T01""]","Ordered proposals obey the frozen update rule, count the initial point and boundary duplicates, and never consume extra evaluations.","[""RC-003"", ""RC-015"", ""RC-017""]","[""OWNER-LAUNCH-2026-09-07"", ""NUMERICAL-001""]","Wrong evaluation accounting, incomplete observations or tuned outcomes; replay point sequences and inspect all raw arm results.",RUNTIME VERIFIED,"[""tests/test_numerical.py"", ""tests/test_store.py"", ""evidence/runtime/automated-checks.json"", ""evidence/runtime/default-study/evidence.json"", ""evidence/runtime/default-study/summary.json""]",tsk_2ba1b34703f25f4a000068eb5eca22c1
RC-W03-T04,Enforce proposal and feedback sequencing,Researchers can enforce proposal and feedback sequencing.,numerical execution,3,0.1,"[""RC-W03-T01"", ""RC-W03-T02"", ""RC-W03-T03""]","Duplicate outstanding proposals, mismatched points and unsolicited feedback fail; reconstruction from valid observations yields the same next proposal.","[""RC-003"", ""RC-015"", ""RC-017""]","[""OWNER-LAUNCH-2026-09-07"", ""NUMERICAL-001""]","Wrong evaluation accounting, incomplete observations or tuned outcomes; replay point sequences and inspect all raw arm results.",AUTOMATED PASS,"[""tests/test_numerical.py"", ""tests/test_store.py"", ""evidence/runtime/automated-checks.json""]",tsk_2f285ea28a17501a5e700334d69d9893
RC-W03-T05,Retain complete observations and runtime identity,Researchers can retain complete observations and runtime identity.,numerical execution,3,0.1,"[""RC-W03-T01"", ""RC-W03-T02"", ""RC-W03-T03"", ""RC-W03-T04""]","Every evaluated point, objective, seed, adapter identity and measured runtime resolves to its attempt; missing observations invalidate a complete result.","[""RC-003"", ""RC-015"", ""RC-017""]","[""OWNER-LAUNCH-2026-09-07"", ""NUMERICAL-001""]","Wrong evaluation accounting, incomplete observations or tuned outcomes; replay point sequences and inspect all raw arm results.",RUNTIME VERIFIED,"[""tests/test_numerical.py"", ""tests/test_store.py"", ""evidence/runtime/automated-checks.json"", ""evidence/runtime/default-study/evidence.json"", ""evidence/runtime/default-study/summary.json""]",tsk_25a56ad1daaa35dce66335b40c0f3a48
RC-W03-T06,Run both arms in development and confirmation,Researchers can run both arms in development and confirmation.,numerical execution,3,0.1,"[""RC-W03-T01"", ""RC-W03-T02"", ""RC-W03-T03"", ""RC-W03-T04"", ""RC-W03-T05""]",All frozen seeds run each policy under equal admitted allowance; the result table includes failures and unfavorable outcomes without selection.,"[""RC-003"", ""RC-015"", ""RC-017""]","[""OWNER-LAUNCH-2026-09-07"", ""NUMERICAL-001""]","Wrong evaluation accounting, incomplete observations or tuned outcomes; replay point sequences and inspect all raw arm results.",RUNTIME VERIFIED,"[""tests/test_numerical.py"", ""tests/test_store.py"", ""evidence/runtime/automated-checks.json"", ""evidence/runtime/default-study/evidence.json"", ""evidence/runtime/default-study/summary.json""]",tsk_334b60ceb7641834cdcfc799bb02b713
RC-W03-T07,Enforce cancellation and elapsed-time limits,Researchers can enforce cancellation and elapsed-time limits.,numerical execution,3,0.1,"[""RC-W03-T01"", ""RC-W03-T05"", ""RC-W03-T06""]","A cancelled or over-time attempt terminates with explicit status, diagnostics and retained costs; it cannot be reported as completed.","[""RC-003"", ""RC-015"", ""RC-017""]","[""OWNER-LAUNCH-2026-09-07"", ""NUMERICAL-001""]","Wrong evaluation accounting, incomplete observations or tuned outcomes; replay point sequences and inspect all raw arm results.",AUTOMATED PASS,"[""tests/test_numerical.py"", ""tests/test_store.py"", ""evidence/runtime/automated-checks.json""]",tsk_3a1d73edf17251c9911f894ca54297f5
RC-W03-T08,Demonstrate a finite integrated comparison,Researchers can demonstrate a finite integrated comparison.,numerical execution,3,0.1,"[""RC-W02-T10"", ""RC-W03-T01"", ""RC-W03-T02"", ""RC-W03-T03"", ""RC-W03-T04"", ""RC-W03-T05"", ""RC-W03-T06"", ""RC-W03-T07""]",The real campaign reaches a terminal decision from actual evaluations within its resource envelope; no precomputed finding or optimizer-only output substitutes.,"[""RC-003"", ""RC-015"", ""RC-017""]","[""OWNER-LAUNCH-2026-09-07"", ""NUMERICAL-001""]","Wrong evaluation accounting, incomplete observations or tuned outcomes; replay point sequences and inspect all raw arm results.",RUNTIME VERIFIED,"[""tests/test_numerical.py"", ""tests/test_store.py"", ""evidence/runtime/automated-checks.json"", ""evidence/runtime/default-study/evidence.json"", ""evidence/runtime/default-study/summary.json""]",tsk_b1ac7640309f967f862a7e2e4ad34737
RC-W04-T01,Challenge evaluator validity controls,Researchers can challenge evaluator validity controls.,integrity and recovery,4,0.1,"[""RC-W03-T08""]","Independent positive, negative, non-finite, boolean and domain-escape probes produce named expected verdicts and actual call counts.","[""RC-005"", ""RC-006"", ""RC-010"", ""RC-011""]","[""OWNER-LAUNCH-2026-09-07"", ""NUMERICAL-001""]",Crash windows and false assurance from happy-path tests; use process termination and representative mutations on the actual candidate.,AUTOMATED PASS,"[""tests/test_store.py"", ""tests/test_evidence.py"", ""tests/test_cli.py"", ""evidence/runtime/automated-checks.json""]",tsk_457b3662228a4cd3586c15e9a46315c7
RC-W04-T02,Reject evaluator source or callable mutation,Researchers can reject evaluator source or callable mutation.,integrity and recovery,4,0.1,"[""RC-W04-T01""]",Modifying evaluator identity or replacing the objective makes execution fail closed on the next check and after restart.,"[""RC-005"", ""RC-006"", ""RC-010"", ""RC-011""]","[""OWNER-LAUNCH-2026-09-07"", ""NUMERICAL-001""]",Crash windows and false assurance from happy-path tests; use process termination and representative mutations on the actual candidate.,AUTOMATED PASS,"[""tests/test_store.py"", ""tests/test_evidence.py"", ""tests/test_cli.py"", ""evidence/runtime/automated-checks.json""]",tsk_f679720e011b1f348518638a955080b3
RC-W04-T03,Reject misleading complete results,Researchers can reject misleading complete results.,integrity and recovery,4,0.1,"[""RC-W04-T01"", ""RC-W04-T02""]","A deliberately bad candidate, absent observation, forged metric or wrong point count cannot improve the accepted comparison.","[""RC-005"", ""RC-006"", ""RC-010"", ""RC-011""]","[""OWNER-LAUNCH-2026-09-07"", ""NUMERICAL-001""]",Crash windows and false assurance from happy-path tests; use process termination and representative mutations on the actual candidate.,AUTOMATED PASS,"[""tests/test_store.py"", ""tests/test_evidence.py"", ""tests/test_cli.py"", ""evidence/runtime/automated-checks.json""]",tsk_eff522416dc5d0522fef7837403834cf
RC-W04-T04,Recover after admission interruption,Researchers can recover after admission interruption.,integrity and recovery,4,0.1,"[""RC-W04-T01"", ""RC-W04-T02"", ""RC-W04-T03""]","Kill after durable admission, reopen, and retain one failed/interrupted attempt with its full charge before an explicit retry.","[""RC-005"", ""RC-006"", ""RC-010"", ""RC-011""]","[""OWNER-LAUNCH-2026-09-07"", ""NUMERICAL-001""]",Crash windows and false assurance from happy-path tests; use process termination and representative mutations on the actual candidate.,RUNTIME VERIFIED,"[""tests/test_store.py"", ""tests/test_evidence.py"", ""tests/test_cli.py"", ""evidence/runtime/automated-checks.json"", ""evidence/runtime/packaged-summary.json""]",tsk_f45c3de618e72c7038f753aa6a7d1a9d
RC-W04-T05,Recover after execution interruption,Researchers can recover after execution interruption.,integrity and recovery,4,0.1,"[""RC-W04-T01"", ""RC-W04-T04""]",Kill after observations but before terminal commit; reconciliation retains diagnostics and cannot duplicate a terminal publication.,"[""RC-005"", ""RC-006"", ""RC-010"", ""RC-011""]","[""OWNER-LAUNCH-2026-09-07"", ""NUMERICAL-001""]",Crash windows and false assurance from happy-path tests; use process termination and representative mutations on the actual candidate.,AUTOMATED PASS,"[""tests/test_store.py"", ""tests/test_evidence.py"", ""tests/test_cli.py"", ""evidence/runtime/automated-checks.json""]",tsk_4647d4c0ea62014f0fc5f39782aa8e20
RC-W04-T06,Recover after artifact staging interruption,Researchers can recover after artifact staging interruption.,integrity and recovery,4,0.1,"[""RC-W04-T01"", ""RC-W04-T05""]",Kill while an artifact is staged; reopening validates or quarantines it and never exposes an incomplete bundle as complete.,"[""RC-005"", ""RC-006"", ""RC-010"", ""RC-011""]","[""OWNER-LAUNCH-2026-09-07"", ""NUMERICAL-001""]",Crash windows and false assurance from happy-path tests; use process termination and representative mutations on the actual candidate.,AUTOMATED PASS,"[""tests/test_store.py"", ""tests/test_evidence.py"", ""tests/test_cli.py"", ""evidence/runtime/automated-checks.json""]",tsk_0ec032514e692a719bdb168758be839e
RC-W04-T07,Fence stale coordinator authority,Researchers can fence stale coordinator authority.,integrity and recovery,4,0.1,"[""RC-W04-T01"", ""RC-W04-T04"", ""RC-W04-T05"", ""RC-W04-T06""]",A second or stale coordinator cannot finalize another owner's attempt; recovery distinguishes a live lease from one assumed dead.,"[""RC-005"", ""RC-006"", ""RC-010"", ""RC-011""]","[""OWNER-LAUNCH-2026-09-07"", ""NUMERICAL-001""]",Crash windows and false assurance from happy-path tests; use process termination and representative mutations on the actual candidate.,AUTOMATED PASS,"[""tests/test_store.py"", ""tests/test_evidence.py"", ""tests/test_cli.py"", ""evidence/runtime/automated-checks.json""]",tsk_9df1c8af826063d8f095f8fd0e79cfae
RC-W04-T08,Keep reproduction capacity separate,Researchers can keep reproduction capacity separate.,integrity and recovery,4,0.1,"[""RC-W04-T01"", ""RC-W04-T07""]",Development and confirmation exhaustion cannot consume reproduction reserves; a fresh rerun records its own attempts and costs.,"[""RC-005"", ""RC-006"", ""RC-010"", ""RC-011""]","[""OWNER-LAUNCH-2026-09-07"", ""NUMERICAL-001""]",Crash windows and false assurance from happy-path tests; use process termination and representative mutations on the actual candidate.,RUNTIME VERIFIED,"[""tests/test_store.py"", ""tests/test_evidence.py"", ""tests/test_cli.py"", ""evidence/runtime/automated-checks.json"", ""evidence/runtime/packaged-summary.json""]",tsk_7140e16703777ccc87a894714b8cb986
RC-W04-T09,Reexecute every exported supported trial,Researchers can reexecute every exported supported trial.,integrity and recovery,4,0.1,"[""RC-W04-T01"", ""RC-W04-T02"", ""RC-W04-T03"", ""RC-W04-T08""]",Fresh policies reproduce complete point/value sequences within the predeclared tolerance; changed inputs or mismatches yield explicit failure records.,"[""RC-005"", ""RC-006"", ""RC-010"", ""RC-011""]","[""OWNER-LAUNCH-2026-09-07"", ""NUMERICAL-001""]",Crash windows and false assurance from happy-path tests; use process termination and representative mutations on the actual candidate.,RUNTIME VERIFIED,"[""tests/test_store.py"", ""tests/test_evidence.py"", ""tests/test_cli.py"", ""evidence/runtime/automated-checks.json"", ""evidence/runtime/packaged-summary.json""]",tsk_dedc8cdc90c692b018e46d9c7b74bef7
RC-W04-T10,Reconcile a challenged campaign end to end,Researchers can reconcile a challenged campaign end to end.,integrity and recovery,4,0.1,"[""RC-W03-T08"", ""RC-W04-T01"", ""RC-W04-T02"", ""RC-W04-T03"", ""RC-W04-T04"", ""RC-W04-T05"", ""RC-W04-T06"", ""RC-W04-T07"", ""RC-W04-T08"", ""RC-W04-T09""]","The integrated fault matrix proves one terminal record per attempt, unchanged accepted evidence and no erased costs, including exhausted retries.","[""RC-005"", ""RC-006"", ""RC-010"", ""RC-011""]","[""OWNER-LAUNCH-2026-09-07"", ""NUMERICAL-001""]",Crash windows and false assurance from happy-path tests; use process termination and representative mutations on the actual candidate.,AUTOMATED PASS,"[""tests/test_store.py"", ""tests/test_evidence.py"", ""tests/test_cli.py"", ""evidence/runtime/automated-checks.json""]",tsk_c9b6952bc400249f41171fb9ad422ce4
RC-W05-T01,Expose the complete ledger for inspection,Researchers can expose the complete ledger for inspection.,0.1 release and publication,5,0.1,"[""RC-W04-T10""]","The CLI shows every trial/attempt, phase, cost and invalid reason; totals agree with direct durable-store queries.","[""RC-012"", ""RC-019"", ""RC-021"", ""RC-024""]","[""OWNER-LAUNCH-2026-09-07"", ""NUMERICAL-001""]","Permission, public availability and independent human evidence are distinct gates; local artifacts and unaccepted proposals do not satisfy them.",RUNTIME VERIFIED,"[""evidence/runtime/default-study/records.json"", ""evidence/runtime/default-study/summary.json"", ""evidence/runtime/packaged-summary.json""]",tsk_b1a11fe6fd12c7b66b040764dd9b1750
RC-W05-T02,Derive bounded claims from retained evidence,Researchers can derive bounded claims from retained evidence.,0.1 release and publication,5,0.1,"[""RC-W05-T01""]","Claim support and contradiction IDs resolve to study, raw trials, evaluations and reproductions; null and inconclusive outcomes stay visible.","[""RC-012"", ""RC-019"", ""RC-021"", ""RC-024""]","[""OWNER-LAUNCH-2026-09-07"", ""NUMERICAL-001""]","Permission, public availability and independent human evidence are distinct gates; local artifacts and unaccepted proposals do not satisfy them.",RUNTIME VERIFIED,"[""evidence/runtime/default-study/records.json"", ""evidence/runtime/default-study/summary.json"", ""evidence/runtime/packaged-summary.json""]",tsk_edaebb3080e293011fae1d30572dea71
RC-W05-T03,Render an accessible evidence report,Researchers can render an accessible evidence report.,0.1 release and publication,5,0.1,"[""RC-W05-T01"", ""RC-W05-T02""]","Semantic headings, readable narrow layout and non-color status cues expose all outcomes; missing evidence is labelled and the report regenerates from records.","[""RC-012"", ""RC-019"", ""RC-021"", ""RC-024""]","[""OWNER-LAUNCH-2026-09-07"", ""NUMERICAL-001""]","Permission, public availability and independent human evidence are distinct gates; local artifacts and unaccepted proposals do not satisfy them.",RUNTIME VERIFIED,"[""evidence/runtime/default-study/records.json"", ""evidence/runtime/default-study/summary.json"", ""evidence/runtime/packaged-summary.json"", ""evidence/runtime/browser-verification.json"", ""evidence/runtime/default-study/report.html""]",tsk_aa66eebf609c2d403cd98ec822c941f7
RC-W05-T04,Export a versioned portable evidence bundle,Researchers can export a versioned portable evidence bundle.,0.1 release and publication,5,0.1,"[""RC-W05-T01"", ""RC-W05-T02"", ""RC-W05-T03""]","Manifest, immutable protocol, raw complete outcomes, evaluator identity and limitations are included; corrupt or missing artifacts prevent completed export.","[""RC-012"", ""RC-019"", ""RC-021"", ""RC-024""]","[""OWNER-LAUNCH-2026-09-07"", ""NUMERICAL-001""]","Permission, public availability and independent human evidence are distinct gates; local artifacts and unaccepted proposals do not satisfy them.",RUNTIME VERIFIED,"[""evidence/runtime/default-study/records.json"", ""evidence/runtime/default-study/summary.json"", ""evidence/runtime/packaged-summary.json""]",tsk_3b0b51e3087fbc6feeda372480f4e32f
RC-W05-T05,Build an executable source release package,Researchers can build an executable source release package.,0.1 release and publication,5,0.1,"[""RC-W05-T01"", ""RC-W05-T04""]","A fresh project-scoped extraction runs the real documented CLI using standard-library Python; distribution includes license, original fixture and runtime identity.","[""RC-012"", ""RC-019"", ""RC-021"", ""RC-024""]","[""OWNER-LAUNCH-2026-09-07"", ""NUMERICAL-001""]","Permission, public availability and independent human evidence are distinct gates; local artifacts and unaccepted proposals do not satisfy them.",RUNTIME VERIFIED,"[""evidence/runtime/default-study/records.json"", ""evidence/runtime/default-study/summary.json"", ""evidence/runtime/packaged-summary.json"", ""tools/build_release.py"", ""LICENSE""]",tsk_4bc925b889c0cc572809c324fd4080c0
RC-W05-T06,Verify the packaged user workflow,Researchers can verify the packaged user workflow.,0.1 release and publication,5,0.1,"[""RC-W05-T01"", ""RC-W05-T05""]","From the package, freeze a new bounded study, run, interrupt/resume, inspect, export and freshly reproduce without the development checkout.","[""RC-012"", ""RC-019"", ""RC-021"", ""RC-024""]","[""OWNER-LAUNCH-2026-09-07"", ""NUMERICAL-001""]","Permission, public availability and independent human evidence are distinct gates; local artifacts and unaccepted proposals do not satisfy them.",RUNTIME VERIFIED,"[""evidence/runtime/default-study/records.json"", ""evidence/runtime/default-study/summary.json"", ""evidence/runtime/packaged-summary.json""]",tsk_360fb0f0330660b2888f90f34bee4ef1
RC-W05-T07,Obtain independent human or qualified review,Researchers can obtain independent human or qualified review.,0.1 release and publication,5,0.1,"[""RC-W05-T01"", ""RC-W05-T06""]","A real participant or qualified reviewer records scope, build, observations and unresolved concerns; agent walkthroughs remain a separate evidence level.","[""RC-012"", ""RC-019"", ""RC-021"", ""RC-024""]","[""OWNER-LAUNCH-2026-09-07"", ""NUMERICAL-001""]","Permission, public availability and independent human evidence are distinct gates; local artifacts and unaccepted proposals do not satisfy them.",NOT TESTED,"[""docs/publication.md""]",tsk_7095cb902d325f7cfac9f8f9ea6648ba
RC-W05-T08,Prepare the concrete public release decision,Researchers can prepare the concrete public release decision.,0.1 release and publication,5,0.1,"[""RC-W05-T01"", ""RC-W05-T06"", ""RC-W05-T07""]","Owner reviews exact destination, tag, artifact/diff, account, exposure, costs and remaining limitations; approval is recorded before external publication.","[""RC-012"", ""RC-019"", ""RC-021"", ""RC-024""]","[""OWNER-LAUNCH-2026-09-07"", ""NUMERICAL-001""]","Permission, public availability and independent human evidence are distinct gates; local artifacts and unaccepted proposals do not satisfy them.",USER VALIDATED,"[""evidence/publication-approval.json"", ""evidence/public-release.json""]",tsk_fc0c2438daa2db13a91574df63ad9722
RC-W05-T09,Publish and read back the authorized 0.1,Researchers can publish and read back the authorized 0.1.,0.1 release and publication,5,0.1,"[""RC-W05-T01"", ""RC-W05-T08""]",The approved executable assets and evidence are publicly downloadable at the recorded version; read-back hashes and access checks match the reviewed artifacts.,"[""RC-012"", ""RC-019"", ""RC-021"", ""RC-024""]","[""OWNER-LAUNCH-2026-09-07"", ""NUMERICAL-001""]","Permission, public availability and independent human evidence are distinct gates; local artifacts and unaccepted proposals do not satisfy them.",RELEASE VERIFIED,"[""evidence/publication-approval.json"", ""evidence/public-release.json""]",tsk_e56be9907616b2708eb5423dde404d5c
RC-W05-T10,Verify external use of the public artifact,Researchers can verify external use of the public artifact.,0.1 release and publication,5,0.1,"[""RC-W05-T01"", ""RC-W05-T09""]",A fresh external environment obtains the public download and completes the primary and recovery paths; source of observation and environment limits are recorded.,"[""RC-012"", ""RC-019"", ""RC-021"", ""RC-024""]","[""OWNER-LAUNCH-2026-09-07"", ""NUMERICAL-001""]","Permission, public availability and independent human evidence are distinct gates; local artifacts and unaccepted proposals do not satisfy them.",RUNTIME VERIFIED,"[""evidence/external-mac-arm64/verification.json"", ""evidence/external-mac-arm64/default-bundle/summary.json"", ""evidence/external-mac-arm64/reproduction.json""]",tsk_9334484d0e39ddbda2f0303e48b11e56
RC-W05-T11,Publish the native Tanduna programme,Researchers can publish the native Tanduna programme.,0.1 release and publication,5,0.1,"[""RC-W05-T01"", ""RC-W05-T08"", ""RC-W05-T09""]","Supported draft/review/approval workflow publishes waves, tasks and dependencies with real platform IDs; immutable historical records are preserved.","[""RC-012"", ""RC-019"", ""RC-021"", ""RC-024""]","[""OWNER-LAUNCH-2026-09-07"", ""NUMERICAL-001""]","Permission, public availability and independent human evidence are distinct gates; local artifacts and unaccepted proposals do not satisfy them.",BLOCKED,"[""evidence/tanduna-submission.json""]",tsk_38e9b4706dd66eb8c8e019cb7b6ebbc9
RC-W05-T12,Read back public plan and access instructions,Researchers can read back public plan and access instructions.,0.1 release and publication,5,0.1,"[""RC-W04-T10"", ""RC-W05-T01"", ""RC-W05-T02"", ""RC-W05-T03"", ""RC-W05-T04"", ""RC-W05-T05"", ""RC-W05-T06"", ""RC-W05-T07"", ""RC-W05-T08"", ""RC-W05-T09"", ""RC-W05-T10"", ""RC-W05-T11""]","Public wave counts, task order, dependency links, scope/status and actual 0.1 download instructions match the canonical export; partial publication remains incomplete.","[""RC-012"", ""RC-019"", ""RC-021"", ""RC-024""]","[""OWNER-LAUNCH-2026-09-07"", ""NUMERICAL-001""]","Permission, public availability and independent human evidence are distinct gates; local artifacts and unaccepted proposals do not satisfy them.",BLOCKED,"[""evidence/tanduna-submission.json""]",tsk_72e38bd46793b90b545e0341002c9c16
RC-W06-T01,Resolve the upstream comparison revision,Researchers can resolve the upstream comparison revision.,baseline provenance,6,later 0.x,"[""RC-W01-T01""]","Record official branch resolution, immutable commit and drift from 228791fb499afffb54b46200aca536f79142f117 without treating a mutable branch as identity.","[""RC-001""]","[""OWNER-LAUNCH-2026-09-07""]","Upstream rights, dependency approval and hardware comparability remain unresolved until fresh exact evidence is reviewed.",PLANNED,[],tsk_a16268a9309ef593f83ef210ce329e10
RC-W06-T02,Resolve exact redistribution evidence,Researchers can resolve exact redistribution evidence.,baseline provenance,6,later 0.x,"[""RC-W06-T01""]",Retain the upstream license artifact or unresolved absence and attribution terms for each proposed reused component; unclear rights block reuse.,"[""RC-001""]","[""OWNER-LAUNCH-2026-09-07""]","Upstream rights, dependency approval and hardware comparability remain unresolved until fresh exact evidence is reviewed.",PLANNED,[],tsk_0fd3f398a1e9a7924fbad6b6638c7066
RC-W06-T03,Reconstruct the baseline operational contract,Researchers can reconstruct the baseline operational contract.,baseline provenance,6,later 0.x,"[""RC-W06-T01""]","Identify editable and fixed files, five-minute accounting, val_bpb direction and keep/discard/crash behavior from exact sources.","[""RC-001""]","[""OWNER-LAUNCH-2026-09-07""]","Upstream rights, dependency approval and hardware comparability remain unresolved until fresh exact evidence is reviewed.",PLANNED,[],tsk_3bebba90587fcf5173091171a072a268
RC-W06-T04,Review the baseline dependency graph,Researchers can review the baseline dependency graph.,baseline provenance,6,later 0.x,"[""RC-W06-T01""]","Exact direct/transitive versions, indexes, licenses, maintenance and network behavior receive a bounded adoption decision before installation.","[""RC-001""]","[""OWNER-LAUNCH-2026-09-07""]","Upstream rights, dependency approval and hardware comparability remain unresolved until fresh exact evidence is reviewed.",PLANNED,[],tsk_82224d3a0489c89862a3f49ea0260eee
RC-W06-T05,Establish lawful training inputs,Researchers can establish lawful training inputs.,baseline provenance,6,later 0.x,"[""RC-W06-T01""]","Corpus and tokenizer origins, transformation and redistribution rights are recorded; missing rights prevent acquisition or redistribution.","[""RC-001""]","[""OWNER-LAUNCH-2026-09-07""]","Upstream rights, dependency approval and hardware comparability remain unresolved until fresh exact evidence is reviewed.",PLANNED,[],tsk_22912fdf19f49893d608203d08ad10a0
RC-W06-T06,Bound the hardware-comparable target,Researchers can bound the hardware-comparable target.,baseline provenance,6,later 0.x,"[""RC-W06-T01""]",The proposed reproduction names GPU/software identity and permissible comparisons; different hardware results cannot support a direct five-minute superiority claim.,"[""RC-001""]","[""OWNER-LAUNCH-2026-09-07""]","Upstream rights, dependency approval and hardware comparability remain unresolved until fresh exact evidence is reviewed.",PLANNED,[],tsk_50336a6c740241a6e0a039a6f1dc0af6
RC-W06-T07,Accept the narrow upstream reproduction protocol,Researchers can accept the narrow upstream reproduction protocol.,baseline provenance,6,later 0.x,"[""RC-W01-T01"", ""RC-W06-T01"", ""RC-W06-T02"", ""RC-W06-T03"", ""RC-W06-T04"", ""RC-W06-T05"", ""RC-W06-T06""]","Baseline source, rights decisions, total cost, expected observable outputs and proposed extensions form one reviewable protocol without claiming execution.","[""RC-001""]","[""OWNER-LAUNCH-2026-09-07""]","Upstream rights, dependency approval and hardware comparability remain unresolved until fresh exact evidence is reviewed.",PLANNED,[],tsk_c3f38764da61fed750f2fa6cfaaea524
RC-W07-T01,Define the supported hostile-code threat model,Researchers can define the supported hostile-code threat model.,untrusted execution,7,later 0.x,"[""RC-W02-T10"", ""RC-W06-T07""]","Attacker capabilities, trusted operator assumptions, unsupported attacks and platform identity are approved before any containment claim.","[""RC-002"", ""RC-004""]","[""OWNER-LAUNCH-2026-09-07""]","Needs exact platform mechanism, scoped resource approval and adversarial denial evidence; this is outside trusted numerical 0.1.",PLANNED,[],tsk_00fc7565c74eeac48ddf14c580da4e1d
RC-W07-T02,Choose an enforceable execution boundary,Researchers can choose an enforceable execution boundary.,untrusted execution,7,later 0.x,"[""RC-W07-T01""]",A reviewed OS/container/VM mechanism denies access across identities; same-user directories and subprocesses alone are explicitly insufficient.,"[""RC-002"", ""RC-004""]","[""OWNER-LAUNCH-2026-09-07""]","Needs exact platform mechanism, scoped resource approval and adversarial denial evidence; this is outside trusted numerical 0.1.",PLANNED,[],tsk_dae2070bedb4448b8dffb7f46e932022
RC-W07-T03,Deny unrelated filesystem access,Researchers can deny unrelated filesystem access.,untrusted execution,7,later 0.x,"[""RC-W07-T01""]","Traversal, symlink and mount probes cannot read or write unrelated files while declared inputs remain usable.","[""RC-002"", ""RC-004""]","[""OWNER-LAUNCH-2026-09-07""]","Needs exact platform mechanism, scoped resource approval and adversarial denial evidence; this is outside trusted numerical 0.1.",PLANNED,[],tsk_7bd967ea7bbcef40a5d32090c569d4cd
RC-W07-T04,Deny evaluator and confirmation access,Researchers can deny evaluator and confirmation access.,untrusted execution,7,later 0.x,"[""RC-W07-T01""]","A hostile job cannot list, infer accessible paths for, read or mutate protected evaluator source and reserved evidence.","[""RC-002"", ""RC-004""]","[""OWNER-LAUNCH-2026-09-07""]","Needs exact platform mechanism, scoped resource approval and adversarial denial evidence; this is outside trusted numerical 0.1.",PLANNED,[],tsk_55bf030ffa86a5f211654742ecd9dd14
RC-W07-T05,Deny inherited credentials and metadata,Researchers can deny inherited credentials and metadata.,untrusted execution,7,later 0.x,"[""RC-W07-T01""]","Credential enumeration, SSH-agent access and cloud metadata probes fail against real isolation controls, not only scrubbed environment variables.","[""RC-002"", ""RC-004""]","[""OWNER-LAUNCH-2026-09-07""]","Needs exact platform mechanism, scoped resource approval and adversarial denial evidence; this is outside trusted numerical 0.1.",PLANNED,[],tsk_554c127b6b113e637f56e588935df112
RC-W07-T06,Deny unauthorized network egress,Researchers can deny unauthorized network egress.,untrusted execution,7,later 0.x,"[""RC-W07-T01""]","Socket and DNS escape probes fail under supported execution, while any approved preparation network path remains separately audited.","[""RC-002"", ""RC-004""]","[""OWNER-LAUNCH-2026-09-07""]","Needs exact platform mechanism, scoped resource approval and adversarial denial evidence; this is outside trusted numerical 0.1.",PLANNED,[],tsk_be0e8bd04d3e5e1980226018c7763810
RC-W07-T07,Enforce process and resource ceilings,Researchers can enforce process and resource ceilings.,untrusted execution,7,later 0.x,"[""RC-W07-T01""]","Fork storms, memory/disk/output excess and timeout probes terminate within declared limits and preserve measured costs.","[""RC-002"", ""RC-004""]","[""OWNER-LAUNCH-2026-09-07""]","Needs exact platform mechanism, scoped resource approval and adversarial denial evidence; this is outside trusted numerical 0.1.",PLANNED,[],tsk_e7b38b217cbe42c26aa084c7879d2f7a
RC-W07-T08,Validate untrusted outputs safely,Researchers can validate untrusted outputs safely.,untrusted execution,7,later 0.x,"[""RC-W07-T01""]","Path traversal, executable serialization and oversized output are rejected before evaluator ingestion without executing payloads.","[""RC-002"", ""RC-004""]","[""OWNER-LAUNCH-2026-09-07""]","Needs exact platform mechanism, scoped resource approval and adversarial denial evidence; this is outside trusted numerical 0.1.",PLANNED,[],tsk_e5f8458b55ae170087de5bb52e44e123
RC-W07-T09,Verify full process-tree cancellation,Researchers can verify full process-tree cancellation.,untrusted execution,7,later 0.x,"[""RC-W07-T01""]",Cancellation kills descendant work and revokes mounts/leases; no surviving child can keep writing or consuming authority.,"[""RC-002"", ""RC-004""]","[""OWNER-LAUNCH-2026-09-07""]","Needs exact platform mechanism, scoped resource approval and adversarial denial evidence; this is outside trusted numerical 0.1.",PLANNED,[],tsk_3c62f814ce5e580caa48bc7d6d6e2398
RC-W07-T10,Accept platform containment evidence,Researchers can accept platform containment evidence.,untrusted execution,7,later 0.x,"[""RC-W02-T10"", ""RC-W06-T07"", ""RC-W07-T01"", ""RC-W07-T02"", ""RC-W07-T03"", ""RC-W07-T04"", ""RC-W07-T05"", ""RC-W07-T06"", ""RC-W07-T07"", ""RC-W07-T08"", ""RC-W07-T09""]",Independent adversarial tests reproduce denials on the supported platform; unresolved material escapes keep untrusted execution disabled.,"[""RC-002"", ""RC-004""]","[""OWNER-LAUNCH-2026-09-07""]","Needs exact platform mechanism, scoped resource approval and adversarial denial evidence; this is outside trusted numerical 0.1.",PLANNED,[],tsk_90cbea3f086ac7cc3b3b24b216d0a9aa
RC-W08-T01,Separate evaluator execution identities,Researchers can separate evaluator execution identities.,protected evaluation,8,later 0.x,"[""RC-W07-T10""]",Producer processes cannot access evaluator code or final data in the chosen containment mechanism; positive authorized evaluator access still works.,"[""RC-005"", ""RC-011""]","[""OWNER-LAUNCH-2026-09-07""]",Logical API separation is insufficient; protected execution and study-specific feedback semantics need independent evidence.,PLANNED,[],tsk_1e59a478b46b291ca2bf414df47c07e7
RC-W08-T02,Freeze partition identity before adaptive search,Researchers can freeze partition identity before adaptive search.,protected evaluation,8,later 0.x,"[""RC-W08-T01""]",Development and confirmation partitions have immutable provenance and contamination checks; replacing a partition invalidates its study.,"[""RC-005"", ""RC-011""]","[""OWNER-LAUNCH-2026-09-07""]",Logical API separation is insufficient; protected execution and study-specific feedback semantics need independent evidence.,PLANNED,[],tsk_edaaacf206fc3e0e2e66c02a7ff3458d
RC-W08-T03,Issue scoped confirmation query leases,Researchers can issue scoped confirmation query leases.,protected evaluation,8,later 0.x,"[""RC-W08-T01""]","Leases bind candidate, evaluator, study, output policy and finite count; replay or foreign-candidate requests are rejected.","[""RC-005"", ""RC-011""]","[""OWNER-LAUNCH-2026-09-07""]",Logical API separation is insufficient; protected execution and study-specific feedback semantics need independent evidence.,PLANNED,[],tsk_763d91a91ab51a4722bba156e7bf0c9e
RC-W08-T04,Count failed and lost evaluator requests,Researchers can count failed and lost evaluator requests.,protected evaluation,8,later 0.x,"[""RC-W08-T01""]",Crashes and lost responses remain in the query ledger according to the frozen policy; retries cannot silently replenish capacity.,"[""RC-005"", ""RC-011""]","[""OWNER-LAUNCH-2026-09-07""]",Logical API separation is insufficient; protected execution and study-specific feedback semantics need independent evidence.,PLANNED,[],tsk_64f001b31b4dda2633240e2054641edf
RC-W08-T05,Constrain development feedback fields,Researchers can constrain development feedback fields.,protected evaluation,8,later 0.x,"[""RC-W08-T01""]",Responses expose only protocol-approved metrics; malformed requests and attempts to request raw confirmation records fail.,"[""RC-005"", ""RC-011""]","[""OWNER-LAUNCH-2026-09-07""]",Logical API separation is insufficient; protected execution and study-specific feedback semantics need independent evidence.,PLANNED,[],tsk_0c16b879ea676293241e4899150ffe1c
RC-W08-T06,Quarantine suspected evidence leakage,Researchers can quarantine suspected evidence leakage.,protected evaluation,8,later 0.x,"[""RC-W08-T01""]",A leak marks affected evidence contaminated and stops confirmation until reviewed; neither deletion nor a new label restores validity.,"[""RC-005"", ""RC-011""]","[""OWNER-LAUNCH-2026-09-07""]",Logical API separation is insufficient; protected execution and study-specific feedback semantics need independent evidence.,PLANNED,[],tsk_9c87ed614df2df63f8c6e9f11dc8fcfe
RC-W08-T07,Bind evaluator changes to new study authority,Researchers can bind evaluator changes to new study authority.,protected evaluation,8,later 0.x,"[""RC-W08-T01""]","Altered scoring code, thresholds or data require a new approved revision and cannot modify accepted evaluation records.","[""RC-005"", ""RC-011""]","[""OWNER-LAUNCH-2026-09-07""]",Logical API separation is insufficient; protected execution and study-specific feedback semantics need independent evidence.,PLANNED,[],tsk_a08711e31c28919ef00469c6d2dc6b89
RC-W08-T08,Close exhausted confirmation access,Researchers can close exhausted confirmation access.,protected evaluation,8,later 0.x,"[""RC-W08-T01""]",Exhaustion returns the declared HOLD/new-study outcome without exposing raw holdout material or increasing query limits.,"[""RC-005"", ""RC-011""]","[""OWNER-LAUNCH-2026-09-07""]",Logical API separation is insufficient; protected execution and study-specific feedback semantics need independent evidence.,PLANNED,[],tsk_de6c07be3b2e3d23323037823025e140
RC-W08-T09,Demonstrate protected evaluation under attack,Researchers can demonstrate protected evaluation under attack.,protected evaluation,8,later 0.x,"[""RC-W07-T10"", ""RC-W08-T01"", ""RC-W08-T02"", ""RC-W08-T03"", ""RC-W08-T04"", ""RC-W08-T05"", ""RC-W08-T06"", ""RC-W08-T07"", ""RC-W08-T08""]","Cross-identity probing, request replay and record-tampering tests fail while a legitimate trial completes and is reproducible.","[""RC-005"", ""RC-011""]","[""OWNER-LAUNCH-2026-09-07""]",Logical API separation is insufficient; protected execution and study-specific feedback semantics need independent evidence.,PLANNED,[],tsk_fa470661406bc079292422d037e4195e
RC-W09-T01,Pin the complete training input lineage,Researchers can pin the complete training input lineage.,training adapter,9,later 0.x,"[""RC-W06-T07"", ""RC-W07-T10"", ""RC-W08-T09"", ""RC-W04-T10""]","Lawful corpus, tokenizer, split, preprocessing and deduplication identities resolve from every trial specification.","[""RC-007""]","[""OWNER-LAUNCH-2026-09-07""]","Requires reviewed dependencies, lawful inputs and explicitly allocated suitable hardware; numerical fixture evidence cannot discharge these gates.",PLANNED,[],tsk_d30ecc10ddfd55b79d94bcde7f51273a
RC-W09-T02,Define training run and reproduction contracts,Researchers can define training run and reproduction contracts.,training adapter,9,later 0.x,"[""RC-W09-T01""]","The adapter declares hardware, seeds, outputs, nondeterminism, resource meters and safe-loading behavior before executing a model.","[""RC-007""]","[""OWNER-LAUNCH-2026-09-07""]","Requires reviewed dependencies, lawful inputs and explicitly allocated suitable hardware; numerical fixture evidence cannot discharge these gates.",PLANNED,[],tsk_c88a4a940ece969c6b8851438b846780
RC-W09-T03,Run the unchanged tiny training baseline,Researchers can run the unchanged tiny training baseline.,training adapter,9,later 0.x,"[""RC-W09-T01""]","A bounded approved run produces genuine training logs, quality metrics and measured resource totals from pinned code and inputs.","[""RC-007""]","[""OWNER-LAUNCH-2026-09-07""]","Requires reviewed dependencies, lawful inputs and explicitly allocated suitable hardware; numerical fixture evidence cannot discharge these gates.",PLANNED,[],tsk_5f88baccba9acd335997c65b378540f6
RC-W09-T04,Validate training quality and failure controls,Researchers can validate training quality and failure controls.,training adapter,9,later 0.x,"[""RC-W09-T01""]","Wrong split, missing checkpoint, non-finite loss and deliberately degraded quality cannot be promoted as improvements.","[""RC-007""]","[""OWNER-LAUNCH-2026-09-07""]","Requires reviewed dependencies, lawful inputs and explicitly allocated suitable hardware; numerical fixture evidence cannot discharge these gates.",PLANNED,[],tsk_1dc3f8bff95d04dadce6d59640e0899d
RC-W09-T05,Measure setup and execution costs consistently,Researchers can measure setup and execution costs consistently.,training adapter,9,later 0.x,"[""RC-W09-T01""]","Dataset preparation, compile/warmup and failed training costs follow the frozen attribution rule and appear separately in totals.","[""RC-007""]","[""OWNER-LAUNCH-2026-09-07""]","Requires reviewed dependencies, lawful inputs and explicitly allocated suitable hardware; numerical fixture evidence cannot discharge these gates.",PLANNED,[],tsk_0c9f711e930795a90a3913a2bb337e1d
RC-W09-T06,Rebuild the training baseline independently,Researchers can rebuild the training baseline independently.,training adapter,9,later 0.x,"[""RC-W09-T01""]",A clean separately prepared worker reproduces declared metrics within justified tolerance and records incompatibilities rather than repairing silently.,"[""RC-007""]","[""OWNER-LAUNCH-2026-09-07""]","Requires reviewed dependencies, lawful inputs and explicitly allocated suitable hardware; numerical fixture evidence cannot discharge these gates.",PLANNED,[],tsk_3fb87c8f289c6ab5fcd35d7741d690f2
RC-W09-T07,Package a lawful training reproduction,Researchers can package a lawful training reproduction.,training adapter,9,later 0.x,"[""RC-W09-T01""]",Exported instructions and permitted artifacts reproduce without private credentials; restricted inputs use lawful locators and explicit availability limits.,"[""RC-007""]","[""OWNER-LAUNCH-2026-09-07""]","Requires reviewed dependencies, lawful inputs and explicitly allocated suitable hardware; numerical fixture evidence cannot discharge these gates.",PLANNED,[],tsk_14884669ea2e8f9c43244c3f1671e41b
RC-W09-T08,Admit the training adapter through shared contracts,Researchers can admit the training adapter through shared contracts.,training adapter,9,later 0.x,"[""RC-W06-T07"", ""RC-W07-T10"", ""RC-W08-T09"", ""RC-W04-T10"", ""RC-W09-T01"", ""RC-W09-T02"", ""RC-W09-T03"", ""RC-W09-T04"", ""RC-W09-T05"", ""RC-W09-T06"", ""RC-W09-T07""]",Training completes using registry/coordinator/evaluator seams without bypassing isolation or mutating generic scientific records.,"[""RC-007""]","[""OWNER-LAUNCH-2026-09-07""]","Requires reviewed dependencies, lawful inputs and explicitly allocated suitable hardware; numerical fixture evidence cannot discharge these gates.",PLANNED,[],tsk_f1fed39bf34d2bb92b13d3cf62726bb7
RC-W10-T01,Capture evidence-bearing hypothesis proposals,Researchers can capture evidence-bearing hypothesis proposals.,proposal governance,10,later 0.x,"[""RC-W09-T08""]","Each proposed hypothesis records question, sources, predicted direction, control, assumptions and falsifier; absent evidence is explicitly missing.","[""RC-008""]","[""OWNER-LAUNCH-2026-09-07""]","Prompt injection, scope drift and hidden dependency adoption require hostile-input tests and content-bound acceptance.",PLANNED,[],tsk_64ece43d62744fb3df805a7a607adcd2
RC-W10-T02,Parse proposals as bounded data,Researchers can parse proposals as bounded data.,proposal governance,10,later 0.x,"[""RC-W10-T01""]","Natural-language or model output cannot become shell commands; unknown fields, oversized payloads and instruction injection are rejected.","[""RC-008""]","[""OWNER-LAUNCH-2026-09-07""]","Prompt injection, scope drift and hidden dependency adoption require hostile-input tests and content-bound acceptance.",PLANNED,[],tsk_a631db42cc2138db80e3296ef0aab382
RC-W10-T03,Restrict accepted patch ownership,Researchers can restrict accepted patch ownership.,proposal governance,10,later 0.x,"[""RC-W10-T01""]","A patch outside approved candidate paths or touching evaluator, budget or accepted records is rejected before execution.","[""RC-008""]","[""OWNER-LAUNCH-2026-09-07""]","Prompt injection, scope drift and hidden dependency adoption require hostile-input tests and content-bound acceptance.",PLANNED,[],tsk_ee1774e0faabba46d18ddb8b4c951a3c
RC-W10-T04,Review dependencies introduced by patches,Researchers can review dependencies introduced by patches.,proposal governance,10,later 0.x,"[""RC-W10-T01""]",New packages or model/data acquisition trigger exact graph/rights approval; a patch cannot install them implicitly.,"[""RC-008""]","[""OWNER-LAUNCH-2026-09-07""]","Prompt injection, scope drift and hidden dependency adoption require hostile-input tests and content-bound acceptance.",PLANNED,[],tsk_efdff0e7e4c9dfc928d043806095d22f
RC-W10-T05,Bind proposal approval to immutable content,Researchers can bind proposal approval to immutable content.,proposal governance,10,later 0.x,"[""RC-W10-T01""]","The approved diff, source revision and study identity match executed bytes; edited proposals require a new acceptance event.","[""RC-008""]","[""OWNER-LAUNCH-2026-09-07""]","Prompt injection, scope drift and hidden dependency adoption require hostile-input tests and content-bound acceptance.",PLANNED,[],tsk_4029d7dbf09cb8900df7c832712542b7
RC-W10-T06,Expose rejection and revision history,Researchers can expose rejection and revision history.,proposal governance,10,later 0.x,"[""RC-W10-T01""]","Rejected, withdrawn and superseded hypotheses remain inspectable with reasons and predecessor links; failures cannot disappear from the proposal denominator.","[""RC-008""]","[""OWNER-LAUNCH-2026-09-07""]","Prompt injection, scope drift and hidden dependency adoption require hostile-input tests and content-bound acceptance.",PLANNED,[],tsk_7d323f1fbdcb31f507b5ea6491837080
RC-W10-T07,Separate producer credentials and authority,Researchers can separate producer credentials and authority.,proposal governance,10,later 0.x,"[""RC-W10-T01""]","Proposal workers receive only approved sources and development feedback, with no publication credentials or coordinator mutation capability.","[""RC-008""]","[""OWNER-LAUNCH-2026-09-07""]","Prompt injection, scope drift and hidden dependency adoption require hostile-input tests and content-bound acceptance.",PLANNED,[],tsk_073bf5fac806e0089b9cfe6dc75bc162
RC-W10-T08,Execute one accepted bounded training change,Researchers can execute one accepted bounded training change.,proposal governance,10,later 0.x,"[""RC-W09-T08"", ""RC-W10-T01"", ""RC-W10-T02"", ""RC-W10-T03"", ""RC-W10-T04"", ""RC-W10-T05"", ""RC-W10-T06"", ""RC-W10-T07""]","A real patch runs through isolation, accounting and evaluation while a rejected patch does not; both decisions remain in evidence history.","[""RC-008""]","[""OWNER-LAUNCH-2026-09-07""]","Prompt injection, scope drift and hidden dependency adoption require hostile-input tests and content-bound acceptance.",PLANNED,[],tsk_6c7c49ed4a85fa0491913b9330e4e4a5
RC-W11-T01,Freeze a comparable agent-versus-random study,Researchers can freeze a comparable agent-versus-random study.,comparative search,11,later 0.x,"[""RC-W10-T08""]","Both search arms share lawful inputs, search space, stopping rules and an explicit total-cost model before observing outcomes.","[""RC-009""]","[""OWNER-LAUNCH-2026-09-07""]","Requires explicit model/compute approval, complete overhead metering and fresh confirmation; the numerical 0.1 result is not this comparison.",PLANNED,[],tsk_6ef12fce910f5947507c8bf4bab3e4e5
RC-W11-T02,Meter proposal inference overhead,Researchers can meter proposal inference overhead.,comparative search,11,later 0.x,"[""RC-W11-T01""]","Agent calls, retries and failed proposals count against their approved inference and monetary ceilings and appear in arm totals.","[""RC-009""]","[""OWNER-LAUNCH-2026-09-07""]","Requires explicit model/compute approval, complete overhead metering and fresh confirmation; the numerical 0.1 result is not this comparison.",PLANNED,[],tsk_36a19dea6c5076bf395504031e362f57
RC-W11-T03,Implement the fixed random patch baseline,Researchers can implement the fixed random patch baseline.,comparative search,11,later 0.x,"[""RC-W11-T01""]",Random proposals use the same accepted edit surface and validity rules; their randomness and seeds are reproducible.,"[""RC-009""]","[""OWNER-LAUNCH-2026-09-07""]","Requires explicit model/compute approval, complete overhead metering and fresh confirmation; the numerical 0.1 result is not this comparison.",PLANNED,[],tsk_ca3700ed845553b77beee675f4ae54e4
RC-W11-T04,Run bounded agent-guided campaigns,Researchers can run bounded agent-guided campaigns.,comparative search,11,later 0.x,"[""RC-W11-T01""]",Accepted agent proposals execute under frozen limits; the campaign stops on cost or evaluator exhaustion without widening authority.,"[""RC-009""]","[""OWNER-LAUNCH-2026-09-07""]","Requires explicit model/compute approval, complete overhead metering and fresh confirmation; the numerical 0.1 result is not this comparison.",PLANNED,[],tsk_9f7ae6aabf7afd7a17d1a17014791aa2
RC-W11-T05,Preserve all search outcomes in comparison,Researchers can preserve all search outcomes in comparison.,comparative search,11,later 0.x,"[""RC-W11-T01""]","Crashes, rejected patches, no-effect and negative trials remain in reliability/cost denominators appropriate to the protocol.","[""RC-009""]","[""OWNER-LAUNCH-2026-09-07""]","Requires explicit model/compute approval, complete overhead metering and fresh confirmation; the numerical 0.1 result is not this comparison.",PLANNED,[],tsk_d3e099a316e1e20d65e0a260b3f8d36f
RC-W11-T06,Select finalists only from allowed evidence,Researchers can select finalists only from allowed evidence.,comparative search,11,later 0.x,"[""RC-W11-T01""]",The registered development selection rule chooses finalists without consulting confirmation; post-confirmation changes create new candidates.,"[""RC-009""]","[""OWNER-LAUNCH-2026-09-07""]","Requires explicit model/compute approval, complete overhead metering and fresh confirmation; the numerical 0.1 result is not this comparison.",PLANNED,[],tsk_c1d25c95555b39a76e990c8662065b0d
RC-W11-T07,Confirm and rerun every claimed improvement,Researchers can confirm and rerun every claimed improvement.,comparative search,11,later 0.x,"[""RC-W11-T01""]",Each claimed finalist advantage has fresh bounded confirmation and independent reproduction; missing support prevents the claim.,"[""RC-009""]","[""OWNER-LAUNCH-2026-09-07""]","Requires explicit model/compute approval, complete overhead metering and fresh confirmation; the numerical 0.1 result is not this comparison.",PLANNED,[],tsk_0d94ef9d7aff6027eb0972d284658b74
RC-W11-T08,Publish the complete comparative finding,Researchers can publish the complete comparative finding.,comparative search,11,later 0.x,"[""RC-W10-T08"", ""RC-W11-T01"", ""RC-W11-T02"", ""RC-W11-T03"", ""RC-W11-T04"", ""RC-W11-T05"", ""RC-W11-T06"", ""RC-W11-T07""]","Equal-cost totals, uncertainty limits and all outcomes support a precise positive, null or adverse conclusion without general-superiority language.","[""RC-009""]","[""OWNER-LAUNCH-2026-09-07""]","Requires explicit model/compute approval, complete overhead metering and fresh confirmation; the numerical 0.1 result is not this comparison.",PLANNED,[],tsk_74cf11efd1f00c2a103a4b9b60380d72
RC-W12-T01,Register alternate explanations before ablation,Researchers can register alternate explanations before ablation.,replication and ablation,12,later 0.x,"[""RC-W11-T08""]","Proposed mechanisms, confounders and change-removal interventions are declared before ablation results and linked to the original claim.","[""RC-010""]","[""OWNER-LAUNCH-2026-09-07"", ""WORKBENCH-005""]",Ablations can change more than one cause; reviewer judgment and registered interventions are required before causal language.,IN PROGRESS,"[""docs/GOAL-0.5.md"", ""docs/decisions/003-numerical-workbench.md"", ""docs/workbench.md"", ""tests/test_workbench.py"", ""evidence/workbench/automated-final-source.json"", ""evidence/workbench/packaged-preflight.json"", ""evidence/workbench/browser-verification.json""]",tsk_ea16407589027c98033f76e193bd6f92
RC-W12-T02,Build independent reproduction workspaces,Researchers can build independent reproduction workspaces.,replication and ablation,12,later 0.x,"[""RC-W12-T01""]","A separate worker reconstructs candidate, inputs and environment without producer caches, conversation or silent repairs.","[""RC-010""]","[""OWNER-LAUNCH-2026-09-07""]",Ablations can change more than one cause; reviewer judgment and registered interventions are required before causal language.,PLANNED,[],tsk_b099531ff195b05e274f9196b8344b59
RC-W12-T03,Remove each material candidate change,Researchers can remove each material candidate change.,replication and ablation,12,later 0.x,"[""RC-W12-T01""]",Each planned ablation neutralizes one material change while preserving the declared controls; its exact diff is retained.,"[""RC-010""]","[""OWNER-LAUNCH-2026-09-07"", ""WORKBENCH-005""]",Ablations can change more than one cause; reviewer judgment and registered interventions are required before causal language.,IN PROGRESS,"[""docs/GOAL-0.5.md"", ""docs/decisions/003-numerical-workbench.md"", ""docs/workbench.md"", ""tests/test_workbench.py"", ""evidence/workbench/automated-final-source.json"", ""evidence/workbench/packaged-preflight.json"", ""evidence/workbench/browser-verification.json""]",tsk_c420a8bc8d91a7747419b3c1a5a81400
RC-W12-T04,Compare ablations under matched costs,Researchers can compare ablations under matched costs.,replication and ablation,12,later 0.x,"[""RC-W12-T01""]","Full candidate, unchanged baseline and ablations use the predeclared budget and sampling plan; failures remain charged.","[""RC-010""]","[""OWNER-LAUNCH-2026-09-07"", ""WORKBENCH-005""]",Ablations can change more than one cause; reviewer judgment and registered interventions are required before causal language.,IN PROGRESS,"[""docs/GOAL-0.5.md"", ""docs/decisions/003-numerical-workbench.md"", ""docs/workbench.md"", ""tests/test_workbench.py"", ""evidence/workbench/automated-final-source.json"", ""evidence/workbench/packaged-preflight.json"", ""evidence/workbench/browser-verification.json""]",tsk_a95ae0a00ae7dce93190da061bd8319a
RC-W12-T05,Distinguish reproduction failure categories,Researchers can distinguish reproduction failure categories.,replication and ablation,12,later 0.x,"[""RC-W12-T01""]","Number mismatch, direction mismatch, quality regression and incompatible environment receive distinct recorded outcomes.","[""RC-010""]","[""OWNER-LAUNCH-2026-09-07""]",Ablations can change more than one cause; reviewer judgment and registered interventions are required before causal language.,PLANNED,[],tsk_6e655c64f578f650ffd55b188e370920
RC-W12-T06,Test a claim under new conditions,Researchers can test a claim under new conditions.,replication and ablation,12,later 0.x,"[""RC-W12-T01""]",A registered replication changes meaningful data or conditions and records applicability limits separately from same-artifact reproduction.,"[""RC-010""]","[""OWNER-LAUNCH-2026-09-07""]",Ablations can change more than one cause; reviewer judgment and registered interventions are required before causal language.,PLANNED,[],tsk_fc72fb94d3e9944a7eff2f7d25e7d764
RC-W12-T07,Revise attribution from complete evidence,Researchers can revise attribution from complete evidence.,replication and ablation,12,later 0.x,"[""RC-W11-T08"", ""RC-W12-T01"", ""RC-W12-T02"", ""RC-W12-T03"", ""RC-W12-T04"", ""RC-W12-T05"", ""RC-W12-T06""]",Claims identify which mechanisms survived ablation and which remain unsupported; adverse reruns and alternatives remain linked.,"[""RC-010""]","[""OWNER-LAUNCH-2026-09-07""]",Ablations can change more than one cause; reviewer judgment and registered interventions are required before causal language.,PLANNED,[],tsk_d2453b4170a86d42dc2cab3d17d3a4b2
RC-W13-T01,Define the actual comparison family,Researchers can define the actual comparison family.,statistical validity,13,later 0.x,"[""RC-W11-T08"", ""RC-W08-T09""]","Hypotheses, endpoints, adaptive selection and dependence structure are recorded; hidden extra comparisons invalidate the declared analysis.","[""RC-011""]","[""OWNER-LAUNCH-2026-09-07"", ""WORKBENCH-005""]",Needs qualified methodological review; no universal p-value or reusable-holdout guarantee is promised.,IN PROGRESS,"[""docs/GOAL-0.5.md"", ""docs/decisions/003-numerical-workbench.md"", ""docs/workbench.md"", ""tests/test_workbench.py"", ""evidence/workbench/automated-final-source.json"", ""evidence/workbench/packaged-preflight.json"", ""evidence/workbench/browser-verification.json""]",tsk_2b84b154d474124aea697af01bcac182
RC-W13-T02,Choose an appropriate uncertainty method,Researchers can choose an appropriate uncertainty method.,statistical validity,13,later 0.x,"[""RC-W13-T01""]",The estimator or descriptive-only rationale matches sampling and dependence assumptions and is reviewed before confirmation.,"[""RC-011""]","[""OWNER-LAUNCH-2026-09-07"", ""WORKBENCH-005""]",Needs qualified methodological review; no universal p-value or reusable-holdout guarantee is promised.,IN PROGRESS,"[""docs/GOAL-0.5.md"", ""docs/decisions/003-numerical-workbench.md"", ""docs/workbench.md"", ""tests/test_workbench.py"", ""evidence/workbench/automated-final-source.json"", ""evidence/workbench/packaged-preflight.json"", ""evidence/workbench/browser-verification.json""]",tsk_16a84cc1557a502f06a063c82475acb3
RC-W13-T03,Account for sequential stopping,Researchers can account for sequential stopping.,statistical validity,13,later 0.x,"[""RC-W13-T01""]",Optional stopping and early selection rules are explicit; a simulated counterexample detects an invalid nominal error guarantee.,"[""RC-011""]","[""OWNER-LAUNCH-2026-09-07""]",Needs qualified methodological review; no universal p-value or reusable-holdout guarantee is promised.,PLANNED,[],tsk_a89c676734dc8b047d9fc9fbbcc67a2f
RC-W13-T04,Register the final confirmation decision,Researchers can register the final confirmation decision.,statistical validity,13,later 0.x,"[""RC-W13-T01""]","Threshold, quality constraints, permitted queries and stopping outcome are immutable before the finalist sees confirmation feedback.","[""RC-011""]","[""OWNER-LAUNCH-2026-09-07""]",Needs qualified methodological review; no universal p-value or reusable-holdout guarantee is promised.,PLANNED,[],tsk_4184ddc279085d7a791ad439a1a37ce0
RC-W13-T05,Retain multiple-comparison history,Researchers can retain multiple-comparison history.,statistical validity,13,later 0.x,"[""RC-W13-T01""]","All tests and selection decisions remain linkable, including abandoned hypotheses; omitting an unfavorable comparison fails validation.","[""RC-011""]","[""OWNER-LAUNCH-2026-09-07"", ""WORKBENCH-005""]",Needs qualified methodological review; no universal p-value or reusable-holdout guarantee is promised.,IN PROGRESS,"[""docs/GOAL-0.5.md"", ""docs/decisions/003-numerical-workbench.md"", ""docs/workbench.md"", ""tests/test_workbench.py"", ""evidence/workbench/automated-final-source.json"", ""evidence/workbench/packaged-preflight.json"", ""evidence/workbench/browser-verification.json""]",tsk_6354d15c9e33d2747a0fb6027724ff4d
RC-W13-T06,Reject unsupported generic corrections,Researchers can reject unsupported generic corrections.,statistical validity,13,later 0.x,"[""RC-W13-T01""]",The system cannot label an arbitrary adaptive study valid merely because it applied a named FDR or significance procedure.,"[""RC-011""]","[""OWNER-LAUNCH-2026-09-07""]",Needs qualified methodological review; no universal p-value or reusable-holdout guarantee is promised.,PLANNED,[],tsk_535dee9bdd4acb61cebd3a739e4ff2cb
RC-W13-T07,Challenge claimed error properties,Researchers can challenge claimed error properties.,statistical validity,13,later 0.x,"[""RC-W13-T01""]","Where statistical guarantees are claimed, independent simulation or derivation tests relevant dependence and selection failure cases.","[""RC-011""]","[""OWNER-LAUNCH-2026-09-07""]",Needs qualified methodological review; no universal p-value or reusable-holdout guarantee is promised.,PLANNED,[],tsk_2e9e7c6adce5e6936da6b068fe760841
RC-W13-T08,Report uncertainty without false certainty,Researchers can report uncertainty without false certainty.,statistical validity,13,later 0.x,"[""RC-W11-T08"", ""RC-W08-T09"", ""RC-W13-T01"", ""RC-W13-T02"", ""RC-W13-T03"", ""RC-W13-T04"", ""RC-W13-T05"", ""RC-W13-T06"", ""RC-W13-T07""]","The final report states method, assumptions, estimation limits and inconclusive findings; deterministic reruns are not independent samples.","[""RC-011""]","[""OWNER-LAUNCH-2026-09-07"", ""WORKBENCH-005""]",Needs qualified methodological review; no universal p-value or reusable-holdout guarantee is promised.,IN PROGRESS,"[""docs/GOAL-0.5.md"", ""docs/decisions/003-numerical-workbench.md"", ""docs/workbench.md"", ""tests/test_workbench.py"", ""evidence/workbench/automated-final-source.json"", ""evidence/workbench/packaged-preflight.json"", ""evidence/workbench/browser-verification.json""]",tsk_6f45352eca6c0032f7fb237c1490846d
RC-W14-T01,Resolve every conclusion to its evidence set,Researchers can resolve every conclusion to its evidence set.,scientific reporting,14,later 0.x,"[""RC-W11-T08"", ""RC-W12-T07"", ""RC-W13-T08""]","A report reader can follow each conclusion to exact sources, study, trials and evaluations; unsupported references fail generation.","[""RC-012""]","[""OWNER-LAUNCH-2026-09-07"", ""WORKBENCH-005""]",Citation presence and fluent prose do not establish validity; completeness and reviewer disposition need direct evidence.,IN PROGRESS,"[""docs/GOAL-0.5.md"", ""docs/decisions/003-numerical-workbench.md"", ""docs/workbench.md"", ""tests/test_workbench.py"", ""evidence/workbench/automated-final-source.json"", ""evidence/workbench/packaged-preflight.json"", ""evidence/workbench/browser-verification.json""]",tsk_0ec25e5d0bcbded81cbb23faf671b1d5
RC-W14-T02,Show negative and failed outcome denominators,Researchers can show negative and failed outcome denominators.,scientific reporting,14,later 0.x,"[""RC-W14-T01""]","Tables include all applicable invalid, failed, null and adverse results with reasons and correct cost/reliability denominators.","[""RC-012""]","[""OWNER-LAUNCH-2026-09-07"", ""WORKBENCH-005""]",Citation presence and fluent prose do not establish validity; completeness and reviewer disposition need direct evidence.,IN PROGRESS,"[""docs/GOAL-0.5.md"", ""docs/decisions/003-numerical-workbench.md"", ""docs/workbench.md"", ""tests/test_workbench.py"", ""evidence/workbench/automated-final-source.json"", ""evidence/workbench/packaged-preflight.json"", ""evidence/workbench/browser-verification.json""]",tsk_7d25ce9204c3d8b48d2ff0bce7b34c48
RC-W14-T03,Separate evidence from generated interpretation,Researchers can separate evidence from generated interpretation.,scientific reporting,14,later 0.x,"[""RC-W14-T01""]",Machine-authored narrative is labelled interpretation and cannot create evidence records or promote unsupported claims.,"[""RC-012""]","[""OWNER-LAUNCH-2026-09-07""]",Citation presence and fluent prose do not establish validity; completeness and reviewer disposition need direct evidence.,PLANNED,[],tsk_3638bcae6f229d4e4241d861c27455ad
RC-W14-T04,Display confirmation and reproduction separately,Researchers can display confirmation and reproduction separately.,scientific reporting,14,later 0.x,"[""RC-W14-T01""]","Evaluated, confirmed, reproduced, replicated and reviewer-supported states remain distinct in reports and exports.","[""RC-012""]","[""OWNER-LAUNCH-2026-09-07"", ""WORKBENCH-005""]",Citation presence and fluent prose do not establish validity; completeness and reviewer disposition need direct evidence.,IN PROGRESS,"[""docs/GOAL-0.5.md"", ""docs/decisions/003-numerical-workbench.md"", ""docs/workbench.md"", ""tests/test_workbench.py"", ""evidence/workbench/automated-final-source.json"", ""evidence/workbench/packaged-preflight.json"", ""evidence/workbench/browser-verification.json""]",tsk_bf211c6345aefe84e0e2f301186c653d
RC-W14-T05,Expose protocol deviations and alternatives,Researchers can expose protocol deviations and alternatives.,scientific reporting,14,later 0.x,"[""RC-W14-T01""]",Post-registration changes and unresolved alternate explanations appear beside claims rather than in hidden logs.,"[""RC-012""]","[""OWNER-LAUNCH-2026-09-07""]",Citation presence and fluent prose do not establish validity; completeness and reviewer disposition need direct evidence.,PLANNED,[],tsk_e8b957d5222958ed890b298f97adcda5
RC-W14-T06,Audit complete resource totals in reports,Researchers can audit complete resource totals in reports.,scientific reporting,14,later 0.x,"[""RC-W14-T01""]","Proposal, execution, failed-run and evaluator totals reconcile to source ledgers and state units without conflating time and money.","[""RC-012""]","[""OWNER-LAUNCH-2026-09-07"", ""WORKBENCH-005""]",Citation presence and fluent prose do not establish validity; completeness and reviewer disposition need direct evidence.,IN PROGRESS,"[""docs/GOAL-0.5.md"", ""docs/decisions/003-numerical-workbench.md"", ""docs/workbench.md"", ""tests/test_workbench.py"", ""evidence/workbench/automated-final-source.json"", ""evidence/workbench/packaged-preflight.json"", ""evidence/workbench/browser-verification.json""]",tsk_41057e4c6e17829445fd99f55ea6d716
RC-W14-T07,Review a bounded scientific report,Researchers can review a bounded scientific report.,scientific reporting,14,later 0.x,"[""RC-W11-T08"", ""RC-W12-T07"", ""RC-W13-T08"", ""RC-W14-T01"", ""RC-W14-T02"", ""RC-W14-T03"", ""RC-W14-T04"", ""RC-W14-T05"", ""RC-W14-T06""]",An independent reviewer can reproduce reported calculations and reject an injected unsupported conclusion; human disposition is retained.,"[""RC-012""]","[""OWNER-LAUNCH-2026-09-07""]",Citation presence and fluent prose do not establish validity; completeness and reviewer disposition need direct evidence.,PLANNED,[],tsk_5d6ff6ec8d62121b9607cc1768b8da9b
RC-W15-T01,Freeze inference workload and quality identity,Researchers can freeze inference workload and quality identity.,inference adapter,15,long-term,"[""RC-W14-T07""]","Model, task, input distribution, quality metric and permitted optimization surface are pinned before latency measurements.","[""RC-013""]","[""OWNER-LAUNCH-2026-09-07""]","Hardware variability, quality leakage and model/data licensing require separate evidence and resource approval.",PLANNED,[],tsk_088d3a34e6cf47eea2faa0923aa85ea5
RC-W15-T02,Establish lawful model and benchmark inputs,Researchers can establish lawful model and benchmark inputs.,inference adapter,15,long-term,"[""RC-W15-T01""]","Rights, safe-loading settings and redistribution limits are reviewed for exact model and dataset versions.","[""RC-013""]","[""OWNER-LAUNCH-2026-09-07""]","Hardware variability, quality leakage and model/data licensing require separate evidence and resource approval.",PLANNED,[],tsk_16db4b8bc0493a355c74a24e27cf51d4
RC-W15-T03,Specify timing and memory measurement,Researchers can specify timing and memory measurement.,inference adapter,15,long-term,"[""RC-W15-T01""]","Warmup, repetitions, synchronization, device/software identity, peak memory and tail-latency calculation are fixed and testable.","[""RC-013""]","[""OWNER-LAUNCH-2026-09-07""]","Hardware variability, quality leakage and model/data licensing require separate evidence and resource approval.",PLANNED,[],tsk_4f76262a2b0e3547741dcff9945c3d6d
RC-W15-T04,Execute the protected inference baseline,Researchers can execute the protected inference baseline.,inference adapter,15,long-term,"[""RC-W15-T01""]",A real bounded baseline produces raw timing and quality evidence through the protected evaluator without producer score edits.,"[""RC-013""]","[""OWNER-LAUNCH-2026-09-07""]","Hardware variability, quality leakage and model/data licensing require separate evidence and resource approval.",PLANNED,[],tsk_45180cf5aceacdeb52a14a14e8a402c3
RC-W15-T05,Reject quality-eroding speed improvements,Researchers can reject quality-eroding speed improvements.,inference adapter,15,long-term,"[""RC-W15-T01""]",A deliberately faster but quality-regressing candidate fails eligibility even when its latency metric improves.,"[""RC-013""]","[""OWNER-LAUNCH-2026-09-07""]","Hardware variability, quality leakage and model/data licensing require separate evidence and resource approval.",PLANNED,[],tsk_e65943ebbd67cb8b24d5fe329bfb8203
RC-W15-T06,Measure throughput and tail tradeoffs,Researchers can measure throughput and tail tradeoffs.,inference adapter,15,long-term,"[""RC-W15-T01""]","Reports retain distributions and memory/quality tradeoffs, preventing one aggregate speed number from hiding unacceptable tails.","[""RC-013""]","[""OWNER-LAUNCH-2026-09-07""]","Hardware variability, quality leakage and model/data licensing require separate evidence and resource approval.",PLANNED,[],tsk_a9a799e7f34a0d849b51b2064d3fd5d8
RC-W15-T07,Reproduce inference results on the declared environment,Researchers can reproduce inference results on the declared environment.,inference adapter,15,long-term,"[""RC-W15-T01""]",A clean worker repeats the exact workload within justified variability limits and records incompatible hardware without direct comparison.,"[""RC-013""]","[""OWNER-LAUNCH-2026-09-07""]","Hardware variability, quality leakage and model/data licensing require separate evidence and resource approval.",PLANNED,[],tsk_2466518ac5c5d6b69e10e4be5fb599fc
RC-W15-T08,Admit optional model-lab interoperability,Researchers can admit optional model-lab interoperability.,inference adapter,15,long-term,"[""RC-W14-T07"", ""RC-W15-T01"", ""RC-W15-T02"", ""RC-W15-T03"", ""RC-W15-T04"", ""RC-W15-T05"", ""RC-W15-T06"", ""RC-W15-T07""]",Only a reviewed public versioned contract may exchange permitted artifacts; absent sibling releases do not block standalone operation.,"[""RC-013""]","[""OWNER-LAUNCH-2026-09-07""]","Hardware variability, quality leakage and model/data licensing require separate evidence and resource approval.",PLANNED,[],tsk_317f89428d960f8d399ebed494b3624b
RC-W16-T01,Record lawful corpus and judgment provenance,Researchers can record lawful corpus and judgment provenance.,retrieval and data research,16,long-term,"[""RC-W14-T07""]","Every corpus, query and relevance-judgment source has permitted use and distribution records; missing rights block ingestion.","[""RC-014""]","[""OWNER-LAUNCH-2026-09-07""]","Lawful inputs, contamination, privacy and judgment quality require domain-specific controls, not only generic schema validity.",PLANNED,[],tsk_92f5bfec1121bba378a303adccc5489f
RC-W16-T02,Freeze query-level evidence partitions,Researchers can freeze query-level evidence partitions.,retrieval and data research,16,long-term,"[""RC-W16-T01""]","Training, development and confirmation queries are disjoint under a documented contamination check before adaptive selection.","[""RC-014""]","[""OWNER-LAUNCH-2026-09-07""]","Lawful inputs, contamination, privacy and judgment quality require domain-specific controls, not only generic schema validity.",PLANNED,[],tsk_1656bdaee1e8540bcc9fdf4754b05126
RC-W16-T03,Retain index and transformation lineage,Researchers can retain index and transformation lineage.,retrieval and data research,16,long-term,"[""RC-W16-T01""]","Index version, filtering, weighting, deduplication and embedding transformations resolve back to source records and exact code.","[""RC-014""]","[""OWNER-LAUNCH-2026-09-07""]","Lawful inputs, contamination, privacy and judgment quality require domain-specific controls, not only generic schema validity.",PLANNED,[],tsk_c5c3f62cf85a1c9b943d60c2d6aee2a8
RC-W16-T04,Execute a transparent retrieval baseline,Researchers can execute a transparent retrieval baseline.,retrieval and data research,16,long-term,"[""RC-W16-T01""]",A real retriever runs fixed lawful queries under measured budgets and retains per-query outputs for independent evaluation.,"[""RC-014""]","[""OWNER-LAUNCH-2026-09-07""]","Lawful inputs, contamination, privacy and judgment quality require domain-specific controls, not only generic schema validity.",PLANNED,[],tsk_d5e101ead57a210119b734f87769aae6
RC-W16-T05,Challenge prompt and benchmark leakage,Researchers can challenge prompt and benchmark leakage.,retrieval and data research,16,long-term,"[""RC-W16-T01""]","Injected answer text, duplicate queries and confirmation-derived prompts are detected or explicitly invalidate affected evidence.","[""RC-014""]","[""OWNER-LAUNCH-2026-09-07""]","Lawful inputs, contamination, privacy and judgment quality require domain-specific controls, not only generic schema validity.",PLANNED,[],tsk_6ec4cac341836167297b435035ec76a0
RC-W16-T06,Preserve relevance uncertainty,Researchers can preserve relevance uncertainty.,retrieval and data research,16,long-term,"[""RC-W16-T01""]",Incomplete or disputed judgments are reported with their effect on metrics rather than silently treated as absolute ground truth.,"[""RC-014""]","[""OWNER-LAUNCH-2026-09-07""]","Lawful inputs, contamination, privacy and judgment quality require domain-specific controls, not only generic schema validity.",PLANNED,[],tsk_c3969770629fd7ec71ae407732b1153f
RC-W16-T07,Evaluate data-selection coverage and quality,Researchers can evaluate data-selection coverage and quality.,retrieval and data research,16,long-term,"[""RC-W16-T01""]","Filtering or curriculum proposals expose exclusions, contamination checks and coverage limits while protecting private records.","[""RC-014""]","[""OWNER-LAUNCH-2026-09-07""]","Lawful inputs, contamination, privacy and judgment quality require domain-specific controls, not only generic schema validity.",PLANNED,[],tsk_07d321717eaca185c7471b6904ef4464
RC-W16-T08,Reproduce the retrieval or data-selection study,Researchers can reproduce the retrieval or data-selection study.,retrieval and data research,16,long-term,"[""RC-W14-T07"", ""RC-W16-T01"", ""RC-W16-T02"", ""RC-W16-T03"", ""RC-W16-T04"", ""RC-W16-T05"", ""RC-W16-T06"", ""RC-W16-T07""]",A clean worker recreates permitted inputs/index and the full metric table; missing restricted inputs remain an explicit limitation.,"[""RC-014""]","[""OWNER-LAUNCH-2026-09-07""]","Lawful inputs, contamination, privacy and judgment quality require domain-specific controls, not only generic schema validity.",PLANNED,[],tsk_1102c38904b5729049425a7d4c248bb2
RC-W17-T01,Select a distinct numerical benchmark question,Researchers can select a distinct numerical benchmark question.,numerical generality,17,long-term,"[""RC-W14-T07""]",A reviewed non-LLM objective/constraint family differs materially from the Rosenbrock fixture and has a documented applicability boundary.,"[""RC-015""]","[""OWNER-LAUNCH-2026-09-07"", ""WORKBENCH-005""]",The 0.1 fixture is partial lineage only; genuine cross-domain portability and numerical applicability require this wider evidence.,IN PROGRESS,"[""docs/GOAL-0.5.md"", ""docs/decisions/003-numerical-workbench.md"", ""docs/workbench.md"", ""tests/test_workbench.py"", ""evidence/workbench/automated-final-source.json"", ""evidence/workbench/packaged-preflight.json"", ""evidence/workbench/browser-verification.json""]",tsk_1b7c89b31e84f2f606305a817e39d098
RC-W17-T02,Establish benchmark rights and reference provenance,Researchers can establish benchmark rights and reference provenance.,numerical generality,17,long-term,"[""RC-W17-T01""]","Exact equations, reference solutions, fixtures and reused solver terms are recorded before adoption or redistribution.","[""RC-015""]","[""OWNER-LAUNCH-2026-09-07"", ""WORKBENCH-005""]",The 0.1 fixture is partial lineage only; genuine cross-domain portability and numerical applicability require this wider evidence.,IN PROGRESS,"[""docs/GOAL-0.5.md"", ""docs/decisions/003-numerical-workbench.md"", ""docs/workbench.md"", ""tests/test_workbench.py"", ""evidence/workbench/automated-final-source.json"", ""evidence/workbench/packaged-preflight.json"", ""evidence/workbench/browser-verification.json""]",tsk_cb1a4edc3b67d449ab06ef5173ebdb83
RC-W17-T03,Freeze residual and convergence requirements,Researchers can freeze residual and convergence requirements.,numerical generality,17,long-term,"[""RC-W17-T01""]","Residual definitions, stopping criteria, conditioning and tolerances follow declared numerical analysis rather than observed winner tuning.","[""RC-015""]","[""OWNER-LAUNCH-2026-09-07""]",The 0.1 fixture is partial lineage only; genuine cross-domain portability and numerical applicability require this wider evidence.,PLANNED,[],tsk_0f0e667291be3a76806dfa1d2ee46605
RC-W17-T04,Challenge precision and invalid numerical states,Researchers can challenge precision and invalid numerical states.,numerical generality,17,long-term,"[""RC-W17-T01""]","Ill-conditioned cases, overflow, non-finite values and infeasible proposals fail appropriately with retained diagnostics.","[""RC-015""]","[""OWNER-LAUNCH-2026-09-07"", ""WORKBENCH-005""]",The 0.1 fixture is partial lineage only; genuine cross-domain portability and numerical applicability require this wider evidence.,IN PROGRESS,"[""docs/GOAL-0.5.md"", ""docs/decisions/003-numerical-workbench.md"", ""docs/workbench.md"", ""tests/test_workbench.py"", ""evidence/workbench/automated-final-source.json"", ""evidence/workbench/packaged-preflight.json"", ""evidence/workbench/browser-verification.json""]",tsk_d940fb9ac38ad709ebc1fd546671ebbd
RC-W17-T05,Implement the second numerical adapter contract,Researchers can implement the second numerical adapter contract.,numerical generality,17,long-term,"[""RC-W17-T01""]",The distinct benchmark uses shared run/evaluate/reproduce interfaces without custom coordinator authority or generic-score shortcuts.,"[""RC-015""]","[""OWNER-LAUNCH-2026-09-07"", ""WORKBENCH-005""]",The 0.1 fixture is partial lineage only; genuine cross-domain portability and numerical applicability require this wider evidence.,IN PROGRESS,"[""docs/GOAL-0.5.md"", ""docs/decisions/003-numerical-workbench.md"", ""docs/workbench.md"", ""tests/test_workbench.py"", ""evidence/workbench/automated-final-source.json"", ""evidence/workbench/packaged-preflight.json"", ""evidence/workbench/browser-verification.json""]",tsk_8d9b237377214cceb320757cc25f22a3
RC-W17-T06,Run matched numerical solver comparisons,Researchers can run matched numerical solver comparisons.,numerical generality,17,long-term,"[""RC-W17-T01""]",Transparent baselines and candidates consume the frozen comparable budget and retain full convergence histories and failures.,"[""RC-015""]","[""OWNER-LAUNCH-2026-09-07"", ""WORKBENCH-005""]",The 0.1 fixture is partial lineage only; genuine cross-domain portability and numerical applicability require this wider evidence.,IN PROGRESS,"[""docs/GOAL-0.5.md"", ""docs/decisions/003-numerical-workbench.md"", ""docs/workbench.md"", ""tests/test_workbench.py"", ""evidence/workbench/automated-final-source.json"", ""evidence/workbench/packaged-preflight.json"", ""evidence/workbench/browser-verification.json""]",tsk_15870d121189f99a790f7228dbfe880a
RC-W17-T07,Reproduce a numerical claim independently,Researchers can reproduce a numerical claim independently.,numerical generality,17,long-term,"[""RC-W17-T01""]",A clean worker obtains the benchmark observation within justified tolerance and distinguishes model applicability from numerical correctness.,"[""RC-015""]","[""OWNER-LAUNCH-2026-09-07""]",The 0.1 fixture is partial lineage only; genuine cross-domain portability and numerical applicability require this wider evidence.,PLANNED,[],tsk_9d9a9efa47a0f11f99b1d756f7c10b30
RC-W17-T08,Assess actual adapter generality,Researchers can assess actual adapter generality.,numerical generality,17,long-term,"[""RC-W14-T07"", ""RC-W17-T01"", ""RC-W17-T02"", ""RC-W17-T03"", ""RC-W17-T04"", ""RC-W17-T05"", ""RC-W17-T06"", ""RC-W17-T07""]",Training and distinct numerical evidence demonstrate which contracts transfer and which remain domain-specific; no fixture-only generality claim passes.,"[""RC-015""]","[""OWNER-LAUNCH-2026-09-07""]",The 0.1 fixture is partial lineage only; genuine cross-domain portability and numerical applicability require this wider evidence.,PLANNED,[],tsk_1cb23801bd65900efdf9143901ad65b4
RC-W18-T01,Version source records and retrieval evidence,Researchers can version source records and retrieval evidence.,research memory,18,long-term,"[""RC-W15-T08"", ""RC-W16-T08"", ""RC-W17-T08""]","Source locator, revision, rights and bounded use remain immutable and resolve from every citation-bearing record.","[""RC-016""]","[""OWNER-LAUNCH-2026-09-07""]","Graph completeness, stale citations and semantic overreach require invalid-edge probes and independent record inspection.",PLANNED,[],tsk_388289b60a9b903cb536c43eb4e86ecb
RC-W18-T02,Track question and hypothesis revision chains,Researchers can track question and hypothesis revision chains.,research memory,18,long-term,"[""RC-W18-T01""]",Superseded questions and post-result hypotheses retain predecessor links and cannot be backdated into accepted studies.,"[""RC-016""]","[""OWNER-LAUNCH-2026-09-07""]","Graph completeness, stale citations and semantic overreach require invalid-edge probes and independent record inspection.",PLANNED,[],tsk_46f2cea868066ffadd478fe42fc7f08f
RC-W18-T03,Represent support and contradiction explicitly,Researchers can represent support and contradiction explicitly.,research memory,18,long-term,"[""RC-W18-T01""]","Claims link separate supporting, contradicting and missing evidence edges with inspectable scientific semantics.","[""RC-016""]","[""OWNER-LAUNCH-2026-09-07""]","Graph completeness, stale citations and semantic overreach require invalid-edge probes and independent record inspection.",PLANNED,[],tsk_6d1dbef096b2f9897ad2ab6f9ec4b165
RC-W18-T04,Reject stale evidence reuse,Researchers can reject stale evidence reuse.,research memory,18,long-term,"[""RC-W18-T01""]","A changed source, study or evaluator marks dependent claims stale until reviewed; old accepted records remain preserved.","[""RC-016""]","[""OWNER-LAUNCH-2026-09-07""]","Graph completeness, stale citations and semantic overreach require invalid-edge probes and independent record inspection.",PLANNED,[],tsk_6174695e1b770011ef89e1f1795bc9c9
RC-W18-T05,Validate citation identity and coverage,Researchers can validate citation identity and coverage.,research memory,18,long-term,"[""RC-W18-T01""]","Missing, mismatched or out-of-scope source references are rejected while unsupported interpretation remains visibly unverified.","[""RC-016""]","[""OWNER-LAUNCH-2026-09-07""]","Graph completeness, stale citations and semantic overreach require invalid-edge probes and independent record inspection.",PLANNED,[],tsk_c3d1b113bd61210cf58edb0326bee8ac
RC-W18-T06,Traverse the complete question-to-claim lineage,Researchers can traverse the complete question-to-claim lineage.,research memory,18,long-term,"[""RC-W18-T01""]","Readers can retrieve every relevant study, outcome and reproduction from a question without dropping failed branches.","[""RC-016""]","[""OWNER-LAUNCH-2026-09-07""]","Graph completeness, stale citations and semantic overreach require invalid-edge probes and independent record inspection.",PLANNED,[],tsk_64db3adbcca764368e893b0f8f394387
RC-W18-T07,Represent retractions and corrections without erasure,Researchers can represent retractions and corrections without erasure.,research memory,18,long-term,"[""RC-W18-T01""]",Corrections append new records and affected-claim notices while historical claims and evidence remain inspectable.,"[""RC-016""]","[""OWNER-LAUNCH-2026-09-07""]","Graph completeness, stale citations and semantic overreach require invalid-edge probes and independent record inspection.",PLANNED,[],tsk_794e3f0d3162c0ed41ca7b498c9933bf
RC-W18-T08,Export portable provenance semantics,Researchers can export portable provenance semantics.,research memory,18,long-term,"[""RC-W15-T08"", ""RC-W16-T08"", ""RC-W17-T08"", ""RC-W18-T01"", ""RC-W18-T02"", ""RC-W18-T03"", ""RC-W18-T04"", ""RC-W18-T05"", ""RC-W18-T06"", ""RC-W18-T07""]",A versioned graph export maps entity/activity/derivation relationships without pretending generic provenance proves scientific support.,"[""RC-016""]","[""OWNER-LAUNCH-2026-09-07""]","Graph completeness, stale citations and semantic overreach require invalid-edge probes and independent record inspection.",PLANNED,[],tsk_0cd59524206d0bc3f7b078a90ab9e602
RC-W19-T01,Declare multi-hypothesis resource ceilings,Researchers can declare multi-hypothesis resource ceilings.,campaign allocation,19,long-term,"[""RC-W15-T08"", ""RC-W16-T08"", ""RC-W17-T08""]","Campaigns define finite trial, time, storage, evaluator, inference and monetary pools with independently reserved confirmation/reproduction.","[""RC-017""]","[""OWNER-LAUNCH-2026-09-07""]","Adaptive allocation is a proposed experiment, not promised advantage; resource accounting and starvation controls are load-bearing.",PLANNED,[],tsk_c6e0c96188b75100943535a6e60835c2
RC-W19-T02,Implement a simple allocation baseline,Researchers can implement a simple allocation baseline.,campaign allocation,19,long-term,"[""RC-W19-T01""]",Fixed round-robin or random allocation produces replayable decisions under the same resource accounting as proposed policies.,"[""RC-017""]","[""OWNER-LAUNCH-2026-09-07""]","Adaptive allocation is a proposed experiment, not promised advantage; resource accounting and starvation controls are load-bearing.",PLANNED,[],tsk_a87eb27970689f6ebc4ba8d02e681872
RC-W19-T03,Guarantee a bounded exploration floor,Researchers can guarantee a bounded exploration floor.,campaign allocation,19,long-term,"[""RC-W19-T01""]",Each eligible hypothesis receives the registered minimum opportunity; starvation and ineligible-work cases have explicit tested outcomes.,"[""RC-017""]","[""OWNER-LAUNCH-2026-09-07""]","Adaptive allocation is a proposed experiment, not promised advantage; resource accounting and starvation controls are load-bearing.",PLANNED,[],tsk_d438f0d0004f97f39eaf0dc541540623
RC-W19-T04,Make multi-resource reservations atomic,Researchers can make multi-resource reservations atomic.,campaign allocation,19,long-term,"[""RC-W19-T01""]",Concurrent admissions cannot exceed any approved pool; partial allocation failures roll back authority without hiding costs.,"[""RC-017""]","[""OWNER-LAUNCH-2026-09-07""]","Adaptive allocation is a proposed experiment, not promised advantage; resource accounting and starvation controls are load-bearing.",PLANNED,[],tsk_2ffd9d11c54a840bd33eec62c70644b9
RC-W19-T05,Explain every allocation and stop decision,Researchers can explain every allocation and stop decision.,campaign allocation,19,long-term,"[""RC-W19-T01""]","Ledger entries identify policy revision, input evidence, remaining resources and PASS/REDIRECT/DESCOPE/HOLD/TERMINATE rationale.","[""RC-017""]","[""OWNER-LAUNCH-2026-09-07""]","Adaptive allocation is a proposed experiment, not promised advantage; resource accounting and starvation controls are load-bearing.",PLANNED,[],tsk_6d6e3159b79170b9e04eb2f4c2de8d55
RC-W19-T06,Prevent policy-driven authority expansion,Researchers can prevent policy-driven authority expansion.,campaign allocation,19,long-term,"[""RC-W19-T01""]","Allocation proposals cannot add money, confirmation access, domains or workers beyond the accepted campaign envelope.","[""RC-017""]","[""OWNER-LAUNCH-2026-09-07""]","Adaptive allocation is a proposed experiment, not promised advantage; resource accounting and starvation controls are load-bearing.",PLANNED,[],tsk_97043be88ead7c973ed9a3fdb963f99e
RC-W19-T07,Evaluate an adaptive allocation option,Researchers can evaluate an adaptive allocation option.,campaign allocation,19,exploratory,"[""RC-W19-T01""]",A separately approved successive-halving or bandit experiment faces equal-cost simple allocation on fresh campaigns; adoption is conditional on evidence.,"[""RC-017""]","[""OWNER-LAUNCH-2026-09-07""]","Adaptive allocation is a proposed experiment, not promised advantage; resource accounting and starvation controls are load-bearing.",PLANNED,[],tsk_20a9e6ce8ac4a57b9f802733239174b5
RC-W19-T08,Reconcile cancellation and exhaustion across hypotheses,Researchers can reconcile cancellation and exhaustion across hypotheses.,campaign allocation,19,long-term,"[""RC-W15-T08"", ""RC-W16-T08"", ""RC-W17-T08"", ""RC-W19-T01"", ""RC-W19-T02"", ""RC-W19-T03"", ""RC-W19-T04"", ""RC-W19-T05"", ""RC-W19-T06"", ""RC-W19-T07""]",Cancellation releases unused reservations while preserving consumption; total exhaustion yields one finite terminal campaign outcome.,"[""RC-017""]","[""OWNER-LAUNCH-2026-09-07""]","Adaptive allocation is a proposed experiment, not promised advantage; resource accounting and starvation controls are load-bearing.",PLANNED,[],tsk_d129b662e8ccd5547256c46bf5490f51
RC-W20-T01,Register an orchestration-policy hypothesis,Researchers can register an orchestration-policy hypothesis.,research policy evaluation,20,long-term,"[""RC-W15-T08"", ""RC-W16-T08"", ""RC-W17-T08"", ""RC-W19-T08""]","The proposed scheduler or research-policy change names expected effect, mechanism, cost model and falsifier before evaluation.","[""RC-018""]","[""OWNER-LAUNCH-2026-09-07""]",Fresh evaluation and independent adoption review prevent recursive self-promotion; no unbounded self-improvement is authorized.,PLANNED,[],tsk_6cf697d7ef0638d9482e2093c7995cec
RC-W20-T02,Freeze untouched policy-evaluation campaigns,Researchers can freeze untouched policy-evaluation campaigns.,research policy evaluation,20,long-term,"[""RC-W20-T01""]",Evaluation questions and conditions are selected independently of development feedback with recorded contamination checks.,"[""RC-018""]","[""OWNER-LAUNCH-2026-09-07""]",Fresh evaluation and independent adoption review prevent recursive self-promotion; no unbounded self-improvement is authorized.,PLANNED,[],tsk_1d3bf554197523dd17df8a3507ea7bdb
RC-W20-T03,Meter orchestration overhead completely,Researchers can meter orchestration overhead completely.,research policy evaluation,20,long-term,"[""RC-W20-T01""]","Planning, proposal, scheduling and failed-run overhead join experiment costs; hidden agent time cannot create apparent efficiency gains.","[""RC-018""]","[""OWNER-LAUNCH-2026-09-07""]",Fresh evaluation and independent adoption review prevent recursive self-promotion; no unbounded self-improvement is authorized.,PLANNED,[],tsk_262682651c1f0269fcee4cb7f94010bc
RC-W20-T04,Execute paired policy and simple-baseline campaigns,Researchers can execute paired policy and simple-baseline campaigns.,research policy evaluation,20,long-term,"[""RC-W20-T01""]",Both policies receive the same approved authority and compatible tasks with retained per-campaign outcomes.,"[""RC-018""]","[""OWNER-LAUNCH-2026-09-07""]",Fresh evaluation and independent adoption review prevent recursive self-promotion; no unbounded self-improvement is authorized.,PLANNED,[],tsk_33f0b06e94614900b8112c6c60af8e2d
RC-W20-T05,Keep policy experiments outside active authority,Researchers can keep policy experiments outside active authority.,research policy evaluation,20,long-term,"[""RC-W20-T01""]","Experimental policy code cannot mutate the accepted coordinator, evaluator or historical records while proposing decisions.","[""RC-018""]","[""OWNER-LAUNCH-2026-09-07""]",Fresh evaluation and independent adoption review prevent recursive self-promotion; no unbounded self-improvement is authorized.,PLANNED,[],tsk_3bd28eeef6cb34483762b3f5207e7ac8
RC-W20-T06,Analyze failures and sensitivity across campaigns,Researchers can analyze failures and sensitivity across campaigns.,research policy evaluation,20,long-term,"[""RC-W20-T01""]","Null effects, budget overruns and domain-specific reversals remain visible rather than pooling only successful campaigns.","[""RC-018""]","[""OWNER-LAUNCH-2026-09-07""]",Fresh evaluation and independent adoption review prevent recursive self-promotion; no unbounded self-improvement is authorized.,PLANNED,[],tsk_9dc9223ebebe79d3e3303b77d297b6bf
RC-W20-T07,Require evidence before policy adoption,Researchers can require evidence before policy adoption.,research policy evaluation,20,long-term,"[""RC-W15-T08"", ""RC-W16-T08"", ""RC-W17-T08"", ""RC-W19-T08"", ""RC-W20-T01"", ""RC-W20-T02"", ""RC-W20-T03"", ""RC-W20-T04"", ""RC-W20-T05"", ""RC-W20-T06""]","A reviewed result, bounded scope and rollback decision are recorded; a policy cannot deploy itself based on its own prose.","[""RC-018""]","[""OWNER-LAUNCH-2026-09-07""]",Fresh evaluation and independent adoption review prevent recursive self-promotion; no unbounded self-improvement is authorized.,PLANNED,[],tsk_844d9102cbcd87866f23d65f8bd8f5be
RC-W21-T01,Bind reproduction to an explicit claim contract,Researchers can bind reproduction to an explicit claim contract.,reproduction governance,21,long-term,"[""RC-W12-T07"", ""RC-W18-T08"", ""RC-W20-T07""]","Each request names source artifacts, target observation, tolerance, allowed deviations and finite independent resources.","[""RC-010"", ""RC-021""]","[""OWNER-LAUNCH-2026-09-07"", ""WORKBENCH-005""]","An agent rerun is runtime evidence, not fabricated human or external validation; source of every observation must be recorded.",IN PROGRESS,"[""docs/GOAL-0.5.md"", ""docs/decisions/003-numerical-workbench.md"", ""docs/workbench.md"", ""tests/test_workbench.py"", ""evidence/workbench/automated-final-source.json"", ""evidence/workbench/packaged-preflight.json"", ""evidence/workbench/browser-verification.json""]",tsk_dc39a8c5654aa7cc2c2c801ef3f1d4f6
RC-W21-T02,Prepare producer-independent environments,Researchers can prepare producer-independent environments.,reproduction governance,21,long-term,"[""RC-W21-T01""]","Reproduction workers lack producer caches, conversation and credentials while retaining only lawful declared inputs.","[""RC-010"", ""RC-021""]","[""OWNER-LAUNCH-2026-09-07""]","An agent rerun is runtime evidence, not fabricated human or external validation; source of every observation must be recorded.",PLANNED,[],tsk_6669d9b35fffc0e4c69e869d48a8c97b
RC-W21-T03,Separate reproduction from new-condition replication,Researchers can separate reproduction from new-condition replication.,reproduction governance,21,long-term,"[""RC-W21-T01""]","Record type, changed conditions and interpretation limits make same-artifact reruns distinguishable from replication studies.","[""RC-010"", ""RC-021""]","[""OWNER-LAUNCH-2026-09-07""]","An agent rerun is runtime evidence, not fabricated human or external validation; source of every observation must be recorded.",PLANNED,[],tsk_c7c8a3c25224c47403da10ea0b9e4f39
RC-W21-T04,Record reproducibility obstacles without silent repairs,Researchers can record reproducibility obstacles without silent repairs.,reproduction governance,21,long-term,"[""RC-W21-T01""]","Missing dependencies, incompatible hardware and ambiguous instructions produce durable unsuccessful observations and proposed corrections.","[""RC-010"", ""RC-021""]","[""OWNER-LAUNCH-2026-09-07"", ""WORKBENCH-005""]","An agent rerun is runtime evidence, not fabricated human or external validation; source of every observation must be recorded.",IN PROGRESS,"[""docs/GOAL-0.5.md"", ""docs/decisions/003-numerical-workbench.md"", ""docs/workbench.md"", ""tests/test_workbench.py"", ""evidence/workbench/automated-final-source.json"", ""evidence/workbench/packaged-preflight.json"", ""evidence/workbench/browser-verification.json""]",tsk_409fbede4c3a536e5615fd30bde1fb8e
RC-W21-T05,Meter reproduction attempts independently,Researchers can meter reproduction attempts independently.,reproduction governance,21,long-term,"[""RC-W21-T01""]",Failed reruns and retries remain in their own finite resource ledger and cannot borrow exploration or publication authority.,"[""RC-010"", ""RC-021""]","[""OWNER-LAUNCH-2026-09-07"", ""WORKBENCH-005""]","An agent rerun is runtime evidence, not fabricated human or external validation; source of every observation must be recorded.",IN PROGRESS,"[""docs/GOAL-0.5.md"", ""docs/decisions/003-numerical-workbench.md"", ""docs/workbench.md"", ""tests/test_workbench.py"", ""evidence/workbench/automated-final-source.json"", ""evidence/workbench/packaged-preflight.json"", ""evidence/workbench/browser-verification.json""]",tsk_4ed82039227da2fbde23a4b86365bcf0
RC-W21-T06,Verify reproduction provenance and artifact identity,Researchers can verify reproduction provenance and artifact identity.,reproduction governance,21,long-term,"[""RC-W21-T01""]","Inputs, code, environment and evaluator identity match the declared contract; mismatches prevent a reproduced status.","[""RC-010"", ""RC-021""]","[""OWNER-LAUNCH-2026-09-07"", ""WORKBENCH-005""]","An agent rerun is runtime evidence, not fabricated human or external validation; source of every observation must be recorded.",IN PROGRESS,"[""docs/GOAL-0.5.md"", ""docs/decisions/003-numerical-workbench.md"", ""docs/workbench.md"", ""tests/test_workbench.py"", ""evidence/workbench/automated-final-source.json"", ""evidence/workbench/packaged-preflight.json"", ""evidence/workbench/browser-verification.json""]",tsk_f039df4024f49bab937d4fff4096703d
RC-W21-T07,Review discrepancies and claim consequences,Researchers can review discrepancies and claim consequences.,reproduction governance,21,long-term,"[""RC-W21-T01""]","Independent observations link to supported, weakened or contradicted claims without overwriting original numerical results.","[""RC-010"", ""RC-021""]","[""OWNER-LAUNCH-2026-09-07""]","An agent rerun is runtime evidence, not fabricated human or external validation; source of every observation must be recorded.",PLANNED,[],tsk_a965db12d4f55e8159bb8cc8bc7cd2aa
RC-W21-T08,Provide an external reproduction handoff,Researchers can provide an external reproduction handoff.,reproduction governance,21,long-term,"[""RC-W12-T07"", ""RC-W18-T08"", ""RC-W20-T07"", ""RC-W21-T01"", ""RC-W21-T02"", ""RC-W21-T03"", ""RC-W21-T04"", ""RC-W21-T05"", ""RC-W21-T06"", ""RC-W21-T07""]",Another researcher can execute the permitted protocol and report an observation without private access or original author assistance.,"[""RC-010"", ""RC-021""]","[""OWNER-LAUNCH-2026-09-07""]","An agent rerun is runtime evidence, not fabricated human or external validation; source of every observation must be recorded.",PLANNED,[],tsk_818ba18131149e95d35d0741493b3d0c
RC-W22-T01,Navigate question-to-evidence lineage,Researchers can navigate question-to-evidence lineage.,accessible workbench,22,long-term,"[""RC-W18-T08"", ""RC-W19-T08"", ""RC-W20-T07""]","A reader can move from a question to all hypotheses, trials, failures and claims with stable addressable selections.","[""RC-019""]","[""OWNER-LAUNCH-2026-09-07"", ""WORKBENCH-005""]",A usable workbench needs actual interaction and accessibility observations; static screenshots are insufficient.,IN PROGRESS,"[""docs/GOAL-0.5.md"", ""docs/decisions/003-numerical-workbench.md"", ""docs/workbench.md"", ""tests/test_workbench.py"", ""evidence/workbench/automated-final-source.json"", ""evidence/workbench/packaged-preflight.json"", ""evidence/workbench/browser-verification.json""]",tsk_d1d4e767b9a493e6cc248258c9346078
RC-W22-T02,Inspect full resource and outcome totals,Researchers can inspect full resource and outcome totals.,accessible workbench,22,long-term,"[""RC-W22-T01""]","Visible arm/phase totals reconcile to the ledger and expose retry costs, invalid results and pending evidence.","[""RC-019""]","[""OWNER-LAUNCH-2026-09-07"", ""WORKBENCH-005""]",A usable workbench needs actual interaction and accessibility observations; static screenshots are insufficient.,IN PROGRESS,"[""docs/GOAL-0.5.md"", ""docs/decisions/003-numerical-workbench.md"", ""docs/workbench.md"", ""tests/test_workbench.py"", ""evidence/workbench/automated-final-source.json"", ""evidence/workbench/packaged-preflight.json"", ""evidence/workbench/browser-verification.json""]",tsk_da170779e07fb3294dc3a2e3a83e7dc7
RC-W22-T03,Interrupt a campaign with clear authority,Researchers can interrupt a campaign with clear authority.,accessible workbench,22,long-term,"[""RC-W22-T01""]","An authorized stop action states scope, records the request and shows eventual cancellation/recovery rather than claiming instant termination.","[""RC-019""]","[""OWNER-LAUNCH-2026-09-07""]",A usable workbench needs actual interaction and accessibility observations; static screenshots are insufficient.,PLANNED,[],tsk_595faa076627561d691192b150963cba
RC-W22-T04,Expose stale and contradictory evidence,Researchers can expose stale and contradictory evidence.,accessible workbench,22,long-term,"[""RC-W22-T01""]","Claims show contamination, supersession and contradiction beside support so a success-only view cannot conceal them.","[""RC-019""]","[""OWNER-LAUNCH-2026-09-07""]",A usable workbench needs actual interaction and accessibility observations; static screenshots are insufficient.,PLANNED,[],tsk_478a5fdc23ac47972d2b5ef41fbea1a0
RC-W22-T05,Support keyboard and assistive navigation,Researchers can support keyboard and assistive navigation.,accessible workbench,22,long-term,"[""RC-W22-T01""]","Keyboard focus, names, status announcements and reading order complete inspection and stop flows with recorded manual observations.","[""RC-019""]","[""OWNER-LAUNCH-2026-09-07"", ""WORKBENCH-005""]",A usable workbench needs actual interaction and accessibility observations; static screenshots are insufficient.,IN PROGRESS,"[""docs/GOAL-0.5.md"", ""docs/decisions/003-numerical-workbench.md"", ""docs/workbench.md"", ""tests/test_workbench.py"", ""evidence/workbench/automated-final-source.json"", ""evidence/workbench/packaged-preflight.json"", ""evidence/workbench/browser-verification.json""]",tsk_6b97871b3ca8e9a92581d87e79812be2
RC-W22-T06,Remain usable under narrow layouts and zoom,Researchers can remain usable under narrow layouts and zoom.,accessible workbench,22,long-term,"[""RC-W22-T01""]","Core tables/lineage retain labels and navigation at narrow width and zoom without relying on color, hover or animation.","[""RC-019""]","[""OWNER-LAUNCH-2026-09-07"", ""WORKBENCH-005""]",A usable workbench needs actual interaction and accessibility observations; static screenshots are insufficient.,IN PROGRESS,"[""docs/GOAL-0.5.md"", ""docs/decisions/003-numerical-workbench.md"", ""docs/workbench.md"", ""tests/test_workbench.py"", ""evidence/workbench/automated-final-source.json"", ""evidence/workbench/packaged-preflight.json"", ""evidence/workbench/browser-verification.json""]",tsk_df0a98b7c6e5b7e1cca8861d6ce1589e
RC-W22-T07,Recover from missing or corrupt artifacts visibly,Researchers can recover from missing or corrupt artifacts visibly.,accessible workbench,22,long-term,"[""RC-W22-T01""]",The interface identifies unavailable evidence and offers safe retry/export diagnostics without inventing a completed state.,"[""RC-019""]","[""OWNER-LAUNCH-2026-09-07""]",A usable workbench needs actual interaction and accessibility observations; static screenshots are insufficient.,PLANNED,[],tsk_02ca584c50836e66464eacb8d3d308ef
RC-W22-T08,Export the inspected campaign consistently,Researchers can export the inspected campaign consistently.,accessible workbench,22,long-term,"[""RC-W18-T08"", ""RC-W19-T08"", ""RC-W20-T07"", ""RC-W22-T01"", ""RC-W22-T02"", ""RC-W22-T03"", ""RC-W22-T04"", ""RC-W22-T05"", ""RC-W22-T06"", ""RC-W22-T07""]",Workbench export uses the same complete versioned bundle as the CLI and reports exactly which evidence and limitations are included.,"[""RC-019""]","[""OWNER-LAUNCH-2026-09-07"", ""WORKBENCH-005""]",A usable workbench needs actual interaction and accessibility observations; static screenshots are insufficient.,IN PROGRESS,"[""docs/GOAL-0.5.md"", ""docs/decisions/003-numerical-workbench.md"", ""docs/workbench.md"", ""tests/test_workbench.py"", ""evidence/workbench/automated-final-source.json"", ""evidence/workbench/packaged-preflight.json"", ""evidence/workbench/browser-verification.json""]",tsk_0c0b6edbe2da5de9d149a44e05a060f7
RC-W23-T01,Approve a measured remote execution need,Researchers can approve a measured remote execution need.,remote execution,23,long-term,"[""RC-W18-T08"", ""RC-W19-T08"", ""RC-W20-T07"", ""RC-W07-T10""]","Queue/resource evidence, exact supported environment and allocated cost justify one bounded remote topology before provisioning.","[""RC-020""]","[""OWNER-LAUNCH-2026-09-07""]",Requires explicit infrastructure/spend allocation and real remote failure evidence; no public VPS exposure is implied.,PLANNED,[],tsk_61d926a9469c4532bc11ee9e213879d3
RC-W23-T02,Issue revocable job-scoped identities,Researchers can issue revocable job-scoped identities.,remote execution,23,long-term,"[""RC-W23-T01""]",A worker can access only its accepted job and permitted artifacts; personal credentials and unrelated projects are not inherited.,"[""RC-020""]","[""OWNER-LAUNCH-2026-09-07""]",Requires explicit infrastructure/spend allocation and real remote failure evidence; no public VPS exposure is implied.,PLANNED,[],tsk_a19fa4086e6c135573ca2f5fae3d0fbc
RC-W23-T03,Authenticate immutable trial admission,Researchers can authenticate immutable trial admission.,remote execution,23,long-term,"[""RC-W23-T01""]","Remote execution verifies trial, study, adapter and resource authority; altered or replayed jobs are rejected.","[""RC-020""]","[""OWNER-LAUNCH-2026-09-07""]",Requires explicit infrastructure/spend allocation and real remote failure evidence; no public VPS exposure is implied.,PLANNED,[],tsk_86464b173deea9126bf3b0c093c10aaa
RC-W23-T04,Enforce remote isolation and budgets,Researchers can enforce remote isolation and budgets.,remote execution,23,long-term,"[""RC-W23-T01""]",The supported remote platform reproduces containment denials and hard resource limits independently of coordinator trust.,"[""RC-020""]","[""OWNER-LAUNCH-2026-09-07""]",Requires explicit infrastructure/spend allocation and real remote failure evidence; no public VPS exposure is implied.,PLANNED,[],tsk_5640539eebf5e74032b422c925deb632
RC-W23-T05,Handle partitions with lease fencing,Researchers can handle partitions with lease fencing.,remote execution,23,long-term,"[""RC-W23-T01""]",Disconnects and delayed results cannot create duplicate terminal records or stale authority; consumed cost survives reconciliation.,"[""RC-020""]","[""OWNER-LAUNCH-2026-09-07""]",Requires explicit infrastructure/spend allocation and real remote failure evidence; no public VPS exposure is implied.,PLANNED,[],tsk_c268a368febdcab8b6106e8b80389ff3
RC-W23-T06,Verify remote process-tree cancellation,Researchers can verify remote process-tree cancellation.,remote execution,23,long-term,"[""RC-W23-T01""]",Revocation and cancellation terminate work within the declared timeout and retain diagnostics even after coordinator interruption.,"[""RC-020""]","[""OWNER-LAUNCH-2026-09-07""]",Requires explicit infrastructure/spend allocation and real remote failure evidence; no public VPS exposure is implied.,PLANNED,[],tsk_f7b18124b00758cf1abcd1f7a390171b
RC-W23-T07,Transfer artifacts with integrity and rights checks,Researchers can transfer artifacts with integrity and rights checks.,remote execution,23,long-term,"[""RC-W23-T01""]","Partial, tampered or disallowed artifacts fail before completed publication and cannot expose unrelated data.","[""RC-020""]","[""OWNER-LAUNCH-2026-09-07""]",Requires explicit infrastructure/spend allocation and real remote failure evidence; no public VPS exposure is implied.,PLANNED,[],tsk_24ccdde7dd9bbddceb8f032964457544
RC-W23-T08,Reconcile aggregate worker costs,Researchers can reconcile aggregate worker costs.,remote execution,23,long-term,"[""RC-W23-T01""]",Local and remote reservations and actual usage stay within campaign ceilings after concurrent failures or retries.,"[""RC-020""]","[""OWNER-LAUNCH-2026-09-07""]",Requires explicit infrastructure/spend allocation and real remote failure evidence; no public VPS exposure is implied.,PLANNED,[],tsk_d57eb0fdd258e7d7274d2820685c4332
RC-W23-T09,Accept a recoverable remote worker release,Researchers can accept a recoverable remote worker release.,remote execution,23,long-term,"[""RC-W18-T08"", ""RC-W19-T08"", ""RC-W20-T07"", ""RC-W07-T10"", ""RC-W23-T01"", ""RC-W23-T02"", ""RC-W23-T03"", ""RC-W23-T04"", ""RC-W23-T05"", ""RC-W23-T06"", ""RC-W23-T07"", ""RC-W23-T08""]","A bounded end-to-end remote campaign, failure matrix and rollback review pass before expanding concurrency or credentials.","[""RC-020""]","[""OWNER-LAUNCH-2026-09-07""]",Requires explicit infrastructure/spend allocation and real remote failure evidence; no public VPS exposure is implied.,PLANNED,[],tsk_e8634504644690e95255386eae8d4f4e
RC-W24-T01,Define explicit capability negotiation,Researchers can define explicit capability negotiation.,adapter interoperability,24,long-term,"[""RC-W18-T08"", ""RC-W21-T08"", ""RC-W15-T08"", ""RC-W17-T08""]","Adapter versions declare supported domains, fields, environments and forbidden operations; unsupported capability requests fail before execution.","[""RC-013"", ""RC-015"", ""RC-021""]","[""OWNER-LAUNCH-2026-09-07""]",Interoperability is an optional reviewed proposal and cannot become a dependency on an unreleased sibling.,PLANNED,[],tsk_0ed81f9a635202df983dfa09a62a1e28
RC-W24-T02,Preserve domain units and validity semantics,Researchers can preserve domain units and validity semantics.,adapter interoperability,24,long-term,"[""RC-W24-T01""]","Shared records retain domain-specific units, quality constraints and applicability without collapsing all results into one generic score.","[""RC-013"", ""RC-015"", ""RC-021""]","[""OWNER-LAUNCH-2026-09-07""]",Interoperability is an optional reviewed proposal and cannot become a dependency on an unreleased sibling.,PLANNED,[],tsk_2f49dfa84da5f330f491d00d99b5194c
RC-W24-T03,Reject incompatible contract revisions,Researchers can reject incompatible contract revisions.,adapter interoperability,24,long-term,"[""RC-W24-T01""]",Version mismatches fail with a migration or original-runtime path; accepted studies never silently change semantics.,"[""RC-013"", ""RC-015"", ""RC-021""]","[""OWNER-LAUNCH-2026-09-07""]",Interoperability is an optional reviewed proposal and cannot become a dependency on an unreleased sibling.,PLANNED,[],tsk_b644ccdd8479f0bac0755b4e4a4e9bed
RC-W24-T04,Test portability between two real adapters,Researchers can test portability between two real adapters.,adapter interoperability,24,long-term,"[""RC-W24-T01""]",Independent implementations exchange valid records through the same contract and expose differences requiring explicit extensions.,"[""RC-013"", ""RC-015"", ""RC-021""]","[""OWNER-LAUNCH-2026-09-07""]",Interoperability is an optional reviewed proposal and cannot become a dependency on an unreleased sibling.,PLANNED,[],tsk_2f7cf3fe00da65f5c57c6043d19e312a
RC-W24-T05,Review optional external laboratory contracts,Researchers can review optional external laboratory contracts.,adapter interoperability,24,long-term,"[""RC-W24-T01""]","Exact public versions, licenses and maintainer boundaries are checked before reuse; each repository remains independently buildable.","[""RC-013"", ""RC-015"", ""RC-021""]","[""OWNER-LAUNCH-2026-09-07""]",Interoperability is an optional reviewed proposal and cannot become a dependency on an unreleased sibling.,PLANNED,[],tsk_4e29d56dcd5925c23e8e25bcbd635672
RC-W24-T06,Prevent cross-laboratory authority inheritance,Researchers can prevent cross-laboratory authority inheritance.,adapter interoperability,24,long-term,"[""RC-W24-T01""]","Imported evidence cannot grant local resources, evaluator access, publication or sibling control; hostile authority fields are rejected.","[""RC-013"", ""RC-015"", ""RC-021""]","[""OWNER-LAUNCH-2026-09-07""]",Interoperability is an optional reviewed proposal and cannot become a dependency on an unreleased sibling.,PLANNED,[],tsk_5ff37fa118f32b07d3bfccb393cea7b8
RC-W24-T07,Document extraction or duplication decisions,Researchers can document extraction or duplication decisions.,adapter interoperability,24,exploratory,"[""RC-W18-T08"", ""RC-W21-T08"", ""RC-W15-T08"", ""RC-W17-T08"", ""RC-W24-T01"", ""RC-W24-T02"", ""RC-W24-T03"", ""RC-W24-T04"", ""RC-W24-T05"", ""RC-W24-T06""]",Shared-library adoption requires demonstrated costly duplication and approved governance; small versioned schemas remain a supported alternative.,"[""RC-013"", ""RC-015"", ""RC-021""]","[""OWNER-LAUNCH-2026-09-07""]",Interoperability is an optional reviewed proposal and cannot become a dependency on an unreleased sibling.,PLANNED,[],tsk_a379270dfea56761b6e58c6a0ca7b3e7
RC-W25-T01,Inventory the full research artifact closure,Researchers can inventory the full research artifact closure.,portable research packages,25,long-term,"[""RC-W18-T08"", ""RC-W19-T08"", ""RC-W20-T07"", ""RC-W21-T08"", ""RC-W24-T07""]","The package includes or lawfully locates every source, protocol, trial, evaluation, reproduction and claim dependency.","[""RC-021""]","[""OWNER-LAUNCH-2026-09-07""]","Availability, integrity, safe parsing, rights and actual reproduction are independent acceptance dimensions.",PLANNED,[],tsk_e1de7d5b06c4a65d658e9506e3556f43
RC-W25-T02,Preserve all applicable negative evidence,Researchers can preserve all applicable negative evidence.,portable research packages,25,long-term,"[""RC-W25-T01""]","Export selection cannot omit contradictory, failed or null outcomes needed to interpret a claim; a missing branch fails validation.","[""RC-021""]","[""OWNER-LAUNCH-2026-09-07""]","Availability, integrity, safe parsing, rights and actual reproduction are independent acceptance dimensions.",PLANNED,[],tsk_5c00c934f36832e844ed2f17e8e983ce
RC-W25-T03,Separate distributable artifacts from restricted inputs,Researchers can separate distributable artifacts from restricted inputs.,portable research packages,25,long-term,"[""RC-W25-T01""]",Rights records govern inclusion while unavailable private or licensed inputs remain explicit reproducibility limits.,"[""RC-021""]","[""OWNER-LAUNCH-2026-09-07""]","Availability, integrity, safe parsing, rights and actual reproduction are independent acceptance dimensions.",PLANNED,[],tsk_f35dc9597433cf980a92fe59e5302c28
RC-W25-T04,Verify safe bounded bundle import,Researchers can verify safe bounded bundle import.,portable research packages,25,long-term,"[""RC-W25-T01""]","Traversal, oversized content, unknown schemas and executable serialized payloads are rejected without running contributed code.","[""RC-021""]","[""OWNER-LAUNCH-2026-09-07""]","Availability, integrity, safe parsing, rights and actual reproduction are independent acceptance dimensions.",PLANNED,[],tsk_03509f0efec982981da39f5440c35b63
RC-W25-T05,Detect artifact mutation and missing lineage,Researchers can detect artifact mutation and missing lineage.,portable research packages,25,long-term,"[""RC-W25-T01""]","Hashes, reference resolution and declared inventories detect tampering or omission before accepting a complete package.","[""RC-021""]","[""OWNER-LAUNCH-2026-09-07""]","Availability, integrity, safe parsing, rights and actual reproduction are independent acceptance dimensions.",PLANNED,[],tsk_df8126fd7360883c7cf417f41758a21e
RC-W25-T06,Rebuild reports from imported records,Researchers can rebuild reports from imported records.,portable research packages,25,long-term,"[""RC-W25-T01""]",A fresh environment regenerates equivalent tables and claim scope from retained data without cached passed verdicts.,"[""RC-021""]","[""OWNER-LAUNCH-2026-09-07""]","Availability, integrity, safe parsing, rights and actual reproduction are independent acceptance dimensions.",PLANNED,[],tsk_48588e8d991ed0ce7c1d55e0aeb0dd64
RC-W25-T07,Reproduce an imported cross-domain package,Researchers can reproduce an imported cross-domain package.,portable research packages,25,long-term,"[""RC-W25-T01""]",An external worker reruns permitted evidence using declared adapter versions and records deviations and unsuccessful attempts.,"[""RC-021""]","[""OWNER-LAUNCH-2026-09-07""]","Availability, integrity, safe parsing, rights and actual reproduction are independent acceptance dimensions.",PLANNED,[],tsk_a4e4d8ce0b77d7dd902600db9e483523
RC-W25-T08,Maintain package compatibility and correction history,Researchers can maintain package compatibility and correction history.,portable research packages,25,long-term,"[""RC-W18-T08"", ""RC-W19-T08"", ""RC-W20-T07"", ""RC-W21-T08"", ""RC-W24-T07"", ""RC-W25-T01"", ""RC-W25-T02"", ""RC-W25-T03"", ""RC-W25-T04"", ""RC-W25-T05"", ""RC-W25-T06"", ""RC-W25-T07""]",Versioned migrations or original-runtime instructions preserve old evidence; corrected packages link predecessors without erasing them.,"[""RC-021""]","[""OWNER-LAUNCH-2026-09-07""]","Availability, integrity, safe parsing, rights and actual reproduction are independent acceptance dimensions.",PLANNED,[],tsk_ae06479edcbd89df3da0c4c1d9578873
RC-W26-T01,Register a blind multi-domain evaluation protocol,Researchers can register a blind multi-domain evaluation protocol.,independent programme evaluation,26,long-term,"[""RC-W22-T08"", ""RC-W23-T09"", ""RC-W25-T08""]","At least two materially distinct domains, equal-cost simple baselines, scoring and disclosure rules are fixed before system feedback.","[""RC-022""]","[""OWNER-LAUNCH-2026-09-07""]","Generality requires actual independent multi-domain execution and publication permission, not adapter counts or roadmap prose.",PLANNED,[],tsk_2a31a07f95c67badffaf374b80c5bb45
RC-W26-T02,Select independent evaluators and authority,Researchers can select independent evaluators and authority.,independent programme evaluation,26,long-term,"[""RC-W26-T01""]","Actual reviewers, permitted resources and conflict/independence limits are recorded without fabricating human participation.","[""RC-022""]","[""OWNER-LAUNCH-2026-09-07""]","Generality requires actual independent multi-domain execution and publication permission, not adapter counts or roadmap prose.",PLANNED,[],tsk_1aa2dff88991a242f69197aa379cbfee
RC-W26-T03,Protect evaluation workloads from producers,Researchers can protect evaluation workloads from producers.,independent programme evaluation,26,long-term,"[""RC-W26-T01""]",Chosen blind conditions remain inaccessible to proposal workers under tested enforcement while evaluator query authority stays finite.,"[""RC-022""]","[""OWNER-LAUNCH-2026-09-07""]","Generality requires actual independent multi-domain execution and publication permission, not adapter counts or roadmap prose.",PLANNED,[],tsk_65579b847689ff3424c8e9d8ab5d16f7
RC-W26-T04,Run all registered domains and baseline arms,Researchers can run all registered domains and baseline arms.,independent programme evaluation,26,long-term,"[""RC-W26-T01""]","Real campaigns retain complete raw evidence and costs for every registered cell, including failed or unsupported domains.","[""RC-022""]","[""OWNER-LAUNCH-2026-09-07""]","Generality requires actual independent multi-domain execution and publication permission, not adapter counts or roadmap prose.",PLANNED,[],tsk_b6188969b48baaf53909baec78bbc106
RC-W26-T05,Reproduce each reported domain result,Researchers can reproduce each reported domain result.,independent programme evaluation,26,long-term,"[""RC-W26-T01""]",Separate workers obtain claimed observations under declared tolerances and report numerical or environment failures explicitly.,"[""RC-022""]","[""OWNER-LAUNCH-2026-09-07""]","Generality requires actual independent multi-domain execution and publication permission, not adapter counts or roadmap prose.",PLANNED,[],tsk_da60803615133e8de99eee1fa1b55c0c
RC-W26-T06,Analyze cross-domain limits and reversals,Researchers can analyze cross-domain limits and reversals.,independent programme evaluation,26,long-term,"[""RC-W26-T01""]","Results expose where the system helps, fails or is inconclusive; averaging cannot conceal a domain-specific failure.","[""RC-022""]","[""OWNER-LAUNCH-2026-09-07""]","Generality requires actual independent multi-domain execution and publication permission, not adapter counts or roadmap prose.",PLANNED,[],tsk_ea5dccfddde06d04f8b1ceb86d2d4e1c
RC-W26-T07,Publish the complete independent evaluation set,Researchers can publish the complete independent evaluation set.,independent programme evaluation,26,long-term,"[""RC-W22-T08"", ""RC-W23-T09"", ""RC-W25-T08"", ""RC-W26-T01"", ""RC-W26-T02"", ""RC-W26-T03"", ""RC-W26-T04"", ""RC-W26-T05"", ""RC-W26-T06""]","Approved public artifacts include all outcomes, protocol deviations, reviewer observations and bounded generality conclusions.","[""RC-022""]","[""OWNER-LAUNCH-2026-09-07""]","Generality requires actual independent multi-domain execution and publication permission, not adapter counts or roadmap prose.",PLANNED,[],tsk_81f9f11ae1eb471bd97986bd724fc1db
RC-W27-T01,Audit evaluator and accepted-record tampering,Researchers can audit evaluator and accepted-record tampering.,integrity and later release,27,long-term,"[""RC-W22-T08"", ""RC-W23-T09"", ""RC-W25-T08"", ""RC-W26-T07""]","Independent probes cannot change metrics, holdouts, query counts or accepted evidence under the supported threat model.","[""RC-023"", ""RC-024""]","[""OWNER-LAUNCH-2026-09-07""]","Security/scientific audits, qualified review and publication approvals are independent and cannot be substituted by generated prose.",PLANNED,[],tsk_f03093ca74a608af9ac1b72e3ae03979
RC-W27-T02,Audit malicious sources and prompt injection,Researchers can audit malicious sources and prompt injection.,integrity and later release,27,long-term,"[""RC-W27-T01""]","Adversarial papers, logs and proposal content remain untrusted data and cannot issue resource, credential or publication commands.","[""RC-023"", ""RC-024""]","[""OWNER-LAUNCH-2026-09-07""]","Security/scientific audits, qualified review and publication approvals are independent and cannot be substituted by generated prose.",PLANNED,[],tsk_f331daa345fa07a7f15f29e87de0dd68
RC-W27-T03,Audit runaway cost and recursive policies,Researchers can audit runaway cost and recursive policies.,integrity and later release,27,long-term,"[""RC-W27-T01""]","Repeated retries, spawned work and policy self-promotion stop at finite approved ceilings with all consumed resources retained.","[""RC-023"", ""RC-024""]","[""OWNER-LAUNCH-2026-09-07""]","Security/scientific audits, qualified review and publication approvals are independent and cannot be substituted by generated prose.",PLANNED,[],tsk_475d8aa6ad945934031f60bf323f32b0
RC-W27-T04,Audit unsupported scientific conclusions,Researchers can audit unsupported scientific conclusions.,integrity and later release,27,long-term,"[""RC-W27-T01""]","Injected novelty, causal and superiority claims lacking evidence are rejected; reviewers can trace the full applicable outcome set.","[""RC-023"", ""RC-024""]","[""OWNER-LAUNCH-2026-09-07""]","Security/scientific audits, qualified review and publication approvals are independent and cannot be substituted by generated prose.",PLANNED,[],tsk_77d7a3eb4bcaf9632d6087b4994918e7
RC-W27-T05,Resolve material integrity defects,Researchers can resolve material integrity defects.,integrity and later release,27,long-term,"[""RC-W27-T01""]",Reproduced findings have verified fixes or explicit release-blocking disposition; known material escapes cannot be hidden by documentation.,"[""RC-023"", ""RC-024""]","[""OWNER-LAUNCH-2026-09-07""]","Security/scientific audits, qualified review and publication approvals are independent and cannot be substituted by generated prose.",PLANNED,[],tsk_4ba625c7f673667a12ead188c771bd60
RC-W27-T06,Review complete distribution rights and notices,Researchers can review complete distribution rights and notices.,integrity and later release,27,long-term,"[""RC-W27-T01""]","Source, data, models, fixtures, binaries and evidence each have exact permitted distribution records before public packaging.","[""RC-023"", ""RC-024""]","[""OWNER-LAUNCH-2026-09-07""]","Security/scientific audits, qualified review and publication approvals are independent and cannot be substituted by generated prose.",PLANNED,[],tsk_204b51c3e5d87fe81ad5acd26743d775
RC-W27-T07,Approve the actual later release scope,Researchers can approve the actual later release scope.,integrity and later release,27,long-term,"[""RC-W27-T01""]","Maintainer review names supported domains, real comparative findings, human evidence, limits, version and rollback without implying general autonomy.","[""RC-023"", ""RC-024""]","[""OWNER-LAUNCH-2026-09-07""]","Security/scientific audits, qualified review and publication approvals are independent and cannot be substituted by generated prose.",PLANNED,[],tsk_2d290efc88b93d50a31e0a160e868a1d
RC-W27-T08,Publish corrections and retractions transparently,Researchers can publish corrections and retractions transparently.,integrity and later release,27,long-term,"[""RC-W27-T01""]","Approved corrections retain predecessor claims, changed evidence and reasons, with affected public artifacts clearly linked.","[""RC-023"", ""RC-024""]","[""OWNER-LAUNCH-2026-09-07""]","Security/scientific audits, qualified review and publication approvals are independent and cannot be substituted by generated prose.",PLANNED,[],tsk_333d842f3df9303fc365fed07aed85d8
RC-W27-T09,Verify the bounded research-system release,Researchers can verify the bounded research-system release.,integrity and later release,27,long-term,"[""RC-W22-T08"", ""RC-W23-T09"", ""RC-W25-T08"", ""RC-W26-T07"", ""RC-W27-T01"", ""RC-W27-T02"", ""RC-W27-T03"", ""RC-W27-T04"", ""RC-W27-T05"", ""RC-W27-T06"", ""RC-W27-T07"", ""RC-W27-T08""]","Public access, clean reproduction, independent evaluation and native plan state match approved scope; missing gates keep release incomplete.","[""RC-023"", ""RC-024""]","[""OWNER-LAUNCH-2026-09-07""]","Security/scientific audits, qualified review and publication approvals are independent and cannot be substituted by generated prose.",PLANNED,[],tsk_e81d7bd223dff9b29ec3da05588f4fb8
